email_id,thread_id,customer_id,intent_class,rationale,escalate_shortcut
EML-001,THR-063,CUST-018,routine,"The customer is simply asking whether a specific piece of equipment is available to rent, a plain availability question.",False
EML-002,THR-047,CUST-024,routine,"The customer returned equipment late and is asking for the deposit back, which is a refund request that the return policy already settles one way or the other.",False
EML-003,THR-049,CUST-001,routine,"The customer is asking how to arrange the return of finished equipment, a standard collection-logistics question.",False
EML-004,THR-086,CUST-015,routine,"The customer is asking what site fencing is available for an upcoming job, a plain availability question.",False
EML-005,THR-072,CUST-012,routine,"The customer is asking for a breakdown of invoice charges that don't match what they expected, a standard invoice query.",False
EML-006,THR-084,CUST-008,routine,"The customer is asking to arrange return drop-off timing for a rental that has ended, a standard logistics matter.",False
EML-007,THR-021,CUST-007,routine,"The customer is asking about delivery options for a piece of equipment they want to rent, a standard logistics question.",False
EML-008,THR-055,CUST-024,routine,"The customer is complaining about a delivery arriving at the wrong time, a delivery-logistics complaint that stays routine regardless of the frustrated tone.",False
EML-009,THR-011,CUST-015,commercial_discount,"The customer is explicitly asking for a 35% price reduction to match a competitor, which is a commercial negotiation rather than something covered by existing policy.",False
EML-010,THR-062,CUST-011,policy_correction,"The customer asserts that there is no deadline for disputing invoices, a claim about Tammilehto Oy's own policy that needs to be corrected with the actual term.",False
EML-011,THR-080,CUST-018,routine,"The customer is asking whether a single site cabin unit is available to rent, a plain availability question.",False
EML-012,THR-009,CUST-009,routine,"The customer is asking for a detailed breakdown of an invoice they have questions about, a standard invoice query.",False
EML-013,THR-074,CUST-022,routine,"The customer is asking about depot drop-off hours in order to return a piece of equipment, a standard logistics question.",False
EML-014,THR-018,CUST-020,routine,"The customer is asking to move their booking dates for a rental, a standard booking-change request.",False
EML-015,THR-075,CUST-007,routine,"The customer does not recognise a charge on their invoice and is asking for a detailed breakdown, a standard invoice query.",False
EML-016,THR-035,CUST-013,routine,"The customer is asking to move the dates on an existing booking, a standard booking-change request.",False
EML-017,THR-021,CUST-007,routine,"The customer wants to book an additional item matching a previous rental, a standard booking request answerable from the account record.",False
EML-018,THR-044,CUST-017,routine,"The customer wants the charges on their invoice explained, a standard invoice enquiry.",False
EML-019,THR-063,CUST-018,routine,"The customer is asking for a copy of their invoice, a standard invoice request.",False
EML-020,THR-088,CUST-011,routine,"The customer is asking whether a specific excavator is available for hire, a standard availability question.",False
EML-021,THR-026,CUST-012,commercial_discount,"The customer is disputing the size of a damage charge and asking it be waived on the strength of loyalty and their own view that the wear was minor, which is a discretionary concession rather than something a stated policy term settles outright.",False
EML-022,THR-058,CUST-012,commercial_discount,"The customer is asking for a better price to match a competitor's quote, a commercial negotiation rather than a policy-resolved matter.",False
EML-023,THR-086,CUST-015,routine,"The customer thinks the rental days on their site-cabin invoice are wrong and wants it checked, a standard invoice query.",False
EML-024,THR-003,CUST-013,routine,"The customer cancelled a booking and is asking for the refund policy already provides, a standard cancellation-refund request.",False
EML-025,THR-061,CUST-022,routine,"The customer is making a claim under the paid Damage Waiver Cover they bought, a coverage question the waiver's own terms resolve one way or the other.",False
EML-026,THR-004,CUST-023,routine,"The customer is asking about delivery options and cost to a specific location, a standard delivery-logistics question.",False
EML-027,THR-084,CUST-008,routine,"The customer wants billing to check something on their site-cabin invoice, a standard invoice query.",False
EML-028,THR-042,CUST-003,routine,"The customer needs new dates for a generator booking, a standard booking-change request.",False
EML-029,THR-005,CUST-002,policy_correction,"The customer states that deposits are fully refundable regardless of the equipment's returned condition, which is not how deposit deductions actually work and needs the real policy term explained.",False
EML-030,THR-086,CUST-015,routine,"The customer is asking how to arrange collection of returned fencing, a standard collection-logistics question.",False
EML-031,THR-031,CUST-020,data_request,"The customer is asking to find out who has accessed his personal account data and why, which is a request to access personal data Tammilehto Oy holds about him.",True
EML-032,THR-007,CUST-025,routine,"The customer is arranging collection of a rented excavator and asking about pickup times, which is standard return logistics answerable from the account record.",False
EML-033,THR-083,CUST-003,commercial_discount,"The customer is asking for a specific 25% discount on a long-term hire before committing, which is a price negotiation rather than something a published policy already settles.",False
EML-034,THR-081,CUST-015,routine,"The customer is simply checking availability of site fencing for a given length, a straightforward stock enquiry.",False
EML-035,THR-019,CUST-006,routine,"The customer is asking Tammilehto Oy to check and confirm whether a discount has been applied to their account, which is a factual check of the account record rather than a new request or a promise made earlier in this thread (this is the first message of the thread).",False
EML-036,THR-069,CUST-013,routine,"The customer needs to reschedule a tower light booking because their project timeline shifted and is asking what new dates are available, a standard booking change.",False
EML-037,THR-021,CUST-007,safety,"The customer reports a burning smell and fire risk from a supplied heater overnight, which is a safety-critical equipment issue needing urgent attention.",True
EML-038,THR-037,CUST-003,routine,"The customer is asking how to return a tower light at the end of its rental, either by collection or drop-off, a standard return-logistics question.",False
EML-039,THR-022,CUST-016,routine,"The customer wants to book the same concrete mixer as before and asks for the earliest pickup date, a standard booking request.",False
EML-040,THR-024,CUST-016,data_request,"The customer is asking who has accessed his personal account data and for what purpose, which is a request to access personal data Tammilehto Oy holds about him.",True
EML-041,THR-035,CUST-013,routine,"The customer disputes a damage charge, pointing to check-out photos showing the damage pre-dated their rental, which is a charge dispute resolvable by checking the existing inspection record.",False
EML-042,THR-055,CUST-024,prior_promise,The customer is asking Tammilehto Oy to honour a delivery-fee waiver that a named staff member promised earlier in this same email exchange.,False
EML-043,THR-063,CUST-018,routine,"The customer is arranging to return a compact track loader and asking about drop-off times, a standard return-logistics matter.",False
EML-044,THR-008,CUST-020,routine,"The customer wants to rebook a plate compactor they've rented before and is asking about availability, a standard booking request.",False
EML-045,THR-030,CUST-015,routine,"The customer is asking about delivery options for a 13-tonne excavator to a job site, a standard logistics enquiry.",False
EML-046,THR-077,CUST-001,routine,"The customer is asking to move the dates on an existing scaffold tower booking, which is a standard booking-change matter.",False
EML-047,THR-062,CUST-011,safety,"The email reports an operator getting an electric shock from a hired generator and asks for the unit to be pulled from service, which is a safety incident regardless of the invoice subject line it was sent under.",True
EML-048,THR-065,CUST-022,routine,"The customer is asking whether delivery to a residential address is available or whether they need to collect the item themselves, a standard logistics question.",False
EML-049,THR-052,CUST-013,routine,"The customer is booking a generator and asking about delivery options, a standard availability and logistics request.",False
EML-050,THR-087,CUST-013,routine,"The customer is asking to change the dates on an existing mini dumper booking, a standard booking-change request.",False
EML-051,THR-007,CUST-025,routine,"The customer is asking for an explanation of how a site-fencing charge on their invoice was calculated, a standard invoice query.",False
EML-052,THR-050,CUST-004,routine,"The customer is confirming whether this is the correct address to send billing queries to, a standard invoice-related contact question.",False
EML-053,THR-026,CUST-012,routine,"The customer is simply asking for a copy of an invoice for their records, a standard invoice request.",False
EML-054,THR-062,CUST-011,routine,"The customer is asking for a check on an invoice for a mini dumper rental, a standard invoice query.",False
EML-055,THR-061,CUST-022,routine,"The dominant request here is asking about availability of a 20kVA generator for an upcoming job, a standard availability question.",False
EML-056,THR-078,CUST-016,routine,"The customer is asking whether a 140L concrete mixer is available to rent, a standard availability question.",False
EML-057,THR-082,CUST-008,routine,"The customer does not recognise charges on their plate compactor invoice and wants a breakdown, a standard invoice query.",False
EML-058,THR-019,CUST-006,routine,"The customer is asking whether an 18m articulated boom lift is available for an upcoming project, a standard availability question.",False
EML-059,THR-045,CUST-018,routine,"The customer is asking for a copy of their invoice to be emailed to them, a standard invoice request.",False
EML-060,THR-005,CUST-002,routine,"The customer is asking for a line item on their site cabin invoice to be checked, a standard invoice query.",False
EML-061,THR-045,CUST-018,routine,"The customer sets aside the earlier invoice question and asks whether a petrol pressure washer is available to book, which is a standard availability request.",False
EML-062,THR-082,CUST-008,data_request,"The customer is asking for their account and all personal data held about them to be deleted and confirmed, which is a data deletion request.",True
EML-063,THR-059,CUST-009,routine,"The customer needs to move the dates on an existing pressure washer booking, which is a standard booking change.",False
EML-064,THR-002,CUST-016,routine,"The customer wants an explanation of the charges on their floor saw rental invoice, which is a standard invoice query.",False
EML-065,THR-027,CUST-021,routine,"The customer is asking for confirmation that the damage waiver is already included in the daily rate before their next booking, which is a standard question the published rate policy can answer.",False
EML-066,THR-071,CUST-022,routine,"The customer is asking about return logistics for the concrete breaker at the end of the rental, which is a standard collection/return question.",False
EML-067,THR-009,CUST-009,routine,"The customer is asking whether a diesel generator is available for a site, which is a standard availability request.",False
EML-068,THR-033,CUST-018,routine,"The customer needs to change the dates on a plate compactor booking because their site work was delayed, which is a standard booking change.",False
EML-069,THR-058,CUST-012,prior_promise,"The customer is asking Tammilehto Oy to honour a price match that a named staff member, Petri Isokangas, agreed to earlier in this thread.",False
EML-070,THR-012,CUST-003,routine,"The customer needs to move the dates on a plate compactor booking due to a delayed site schedule, which is a standard booking change.",False
EML-071,THR-057,CUST-013,safety,"The email reports a worker receiving an electric shock from a rented generator, which is a safety incident.",True
EML-072,THR-048,CUST-013,routine,"The customer is asking whether a diamond floor saw is available to book for an upcoming job, which is a standard availability request.",False
EML-073,THR-029,CUST-005,commercial_discount,"The customer is proposing a specific 22% discount on a large multi-site booking, which is a commercial price negotiation rather than something covered by standard policy.",False
EML-074,THR-041,CUST-003,routine,"The customer is chasing an overdue refund for a booking Tammilehto Oy itself cancelled due to a unit breakdown, which is a standard refund matter even though the tone is frustrated.",False
EML-075,THR-002,CUST-016,routine,"The customer is asking for an unrecognised charge on a separate compact track loader invoice to be checked, which is a standard invoice query.",False
EML-076,THR-052,CUST-013,routine,"The customer is asking for a late-return fee to be waived because of a traffic delay, which is a waiver request the return-logistics policy already settles one way or the other.",False
EML-077,THR-059,CUST-009,routine,"The customer is flagging something that looks wrong on an invoice and asking for it to be checked, which is a standard billing query.",False
EML-078,THR-012,CUST-003,routine,"The customer reports that a rented plate compactor isn't working properly and asks for a repair visit or swap, which is an equipment-servicing request with no injury or safety risk mentioned.",False
EML-079,THR-013,CUST-018,routine,"The customer is asking whether a diamond floor saw is available for rent at a given location, a straightforward availability question.",False
EML-080,THR-033,CUST-018,routine,"The customer disputes a damage charge as ordinary wear and asks for it to be waived, which is a waiver request the damage-assessment policy already resolves.",False
EML-081,THR-057,CUST-013,routine,"The customer disputes a damage charge on a plate compactor as normal wear and asks for it to be waived, again a waiver matter policy already covers.",False
EML-082,THR-071,CUST-022,routine,"The customer is asking whether the same hydraulic breaker will be available for a future date, a plain availability check.",False
EML-083,THR-022,CUST-016,routine,"The customer wants to add a site cabin to an existing order, a routine booking change.",False
EML-084,THR-030,CUST-015,routine,"The customer is asking how and when to return a cement mixer trailer, a standard return-logistics question.",False
EML-085,THR-008,CUST-020,routine,"The customer asks whether a cement mixer trailer can be delivered or must be collected, a routine delivery-logistics question.",False
EML-086,THR-017,CUST-012,routine,"The customer disputes a late fee, saying nobody was at the depot to receive the equipment on time, and wants the charge removed, a waiver dispute that return-logistics policy already settles.",False
EML-087,THR-084,CUST-008,routine,"The customer asks whether the dates on a site fencing booking can still be shifted, a routine booking-change question.",False
EML-088,THR-056,CUST-008,safety,"An operator received an electric shock from a rented generator's casing, which is an injury incident and safety risk regardless of the replacement or inspection request also raised.",True
EML-089,THR-026,CUST-012,routine,"The customer asks whether a hydraulic concrete breaker can be delivered or needs to be picked up, a routine delivery-logistics question.",False
EML-090,THR-016,CUST-010,routine,"The customer wants to move the dates on an existing scaffold tower booking and asks about availability, a routine booking-change request.",False
EML-091,THR-037,CUST-003,routine,"The customer is asking to book site fencing again on the same terms as a previous rental, which is a standard new-booking request.",False
EML-092,THR-035,CUST-013,routine,"The customer wants to book a 13-tonne excavator and is asking what delivery options are available, a standard availability and logistics question.",False
EML-093,THR-063,CUST-018,routine,"The customer is asking to book the cement mixer trailer again on the same terms as before, a standard booking request.",False
EML-094,THR-030,CUST-015,routine,The customer is simply asking whether a cement mixer trailer is available for a new booking.,False
EML-095,THR-064,CUST-010,routine,"The customer has a billing question about a specific invoice and wants it looked into before paying, a standard invoice enquiry.",False
EML-096,THR-013,CUST-018,routine,"The customer wants to arrange returning a rented mixer, which is a standard collection/return logistics matter.",False
EML-097,THR-024,CUST-016,routine,"The customer is asking about renting a plate compactor and whether delivery to Oulu is available, a standard availability and delivery question.",False
EML-098,THR-036,CUST-014,routine,"The customer has a question about charges on a specific invoice and wants someone to review it, a standard invoice enquiry.",False
EML-099,THR-082,CUST-008,routine,"The customer is flagging that another invoice, for the boom lift, also looks wrong and wants it checked, a standard invoice enquiry.",False
EML-100,THR-066,CUST-004,routine,"The customer wants to rebook the compact track loader and asks for availability and a quote, a standard booking request.",False
EML-101,THR-028,CUST-003,routine,"The customer wants to book a core drill rig and is asking about delivery versus pickup options, a standard availability and logistics question.",False
EML-102,THR-077,CUST-001,routine,"The customer needs to shift the dates on an existing floor saw booking, a standard booking-change request.",False
EML-103,THR-015,CUST-001,commercial_discount,"The customer is asking whether some kind of loyalty gesture or price concession could be offered ahead of an upcoming booking, which is a discretionary commercial ask rather than something a published policy already settles.",False
EML-104,THR-067,CUST-020,routine,"The customer wants to ask about the invoice for a compact track loader rental, a standard invoice enquiry.",False
EML-105,THR-068,CUST-007,routine,"The customer is chasing a billing credit for confirmed equipment downtime under the company's own stated rental conditions, which is a refund matter the policy is described as already resolving.",False
EML-106,THR-089,CUST-015,routine,"This is a straightforward booking request asking about availability for a specific generator, which the account record can answer.",False
EML-107,THR-057,CUST-013,routine,"Although the subject line carries over an earlier safety concern from this thread, this message's own content asks only about delivery options for site fencing, so it is a routine logistics question.",False
EML-108,THR-071,CUST-022,routine,"The customer is flagging what looks like an incorrect amount on a specific invoice, which is a standard billing matter the account record can resolve.",False
EML-109,THR-090,CUST-002,routine,"This is a standard end-of-rental question about whether collection will be arranged or the item dropped off, which is ordinary return logistics.",False
EML-110,THR-040,CUST-005,routine,"The customer is asking to change the dates on an existing booking, which is a routine booking-change request.",False
EML-111,THR-059,CUST-009,routine,"This message asks how to arrange return of a scissor lift, which is ordinary collection/return logistics.",False
EML-112,THR-048,CUST-013,commercial_discount,"The customer is explicitly asking for a specific percentage discount based on loyalty, which is a commercial pricing decision rather than something policy already settles.",False
EML-113,THR-023,CUST-007,routine,"The customer wants to hold the same unit they used previously for an upcoming visit, which is a booking/reservation request the account record can identify and act on.",False
EML-114,THR-017,CUST-012,prior_promise,The customer is explicitly asking Tammilehto Oy to follow through on a refund a named staff member already promised earlier in this thread.,False
EML-115,THR-051,CUST-013,routine,This is a simple availability question about booking a petrol pressure washer.,False
EML-116,THR-020,CUST-018,routine,"The customer is asking for a short extension to a current rental, which is a routine booking-change request.",False
EML-117,THR-073,CUST-015,routine,"A site delay means the customer needs to reschedule an excavator booking and is asking about alternative dates, which is a routine booking-change matter.",False
EML-118,THR-009,CUST-009,routine,"The customer is finished with a generator and is asking how to arrange its return, which is ordinary collection/return logistics.",False
EML-119,THR-029,CUST-005,routine,"Despite the subject line referencing an earlier discount discussion in this thread, this message's own content only asks whether an excavator is available, which is a routine availability check.",False
EML-120,THR-060,CUST-002,routine,"This is a damage waiver claim for equipment that broke from being run past its rated limit, and whether the waiver covers that is a policy question the existing terms already answer, not a discretionary discount or a safety incident involving injury or risk to people.",False
EML-121,THR-040,CUST-005,routine,"The customer is simply asking how to arrange collection of a site cabin at the end of its rental, which is standard return logistics.",False
EML-122,THR-076,CUST-012,routine,"This is an invoice-versus-confirmed-price discrepancy that can be resolved by checking the booking confirmation against the invoice on the account record, which is a standard invoicing matter even though the customer mentions the pricing term in passing.",False
EML-123,THR-032,CUST-024,routine,"The customer wants someone to go through a specific, identified invoice with them, which is a standard invoice enquiry even though they haven't pinpointed exactly what looks wrong.",False
EML-124,THR-039,CUST-005,routine,This is a straightforward repeat-booking and availability check for a named piece of equipment.,False
EML-125,THR-001,CUST-022,routine,This is a plain availability enquiry for a generator over a roughly specified week-long window.,False
EML-126,THR-034,CUST-016,routine,"The customer is asking how to arrange return of the scaffold tower at the end of the rental, which is standard collection/return logistics.",False
EML-127,THR-065,CUST-022,routine,This is a delivery-logistics question about whether the same arrangement can extend to a generator for an upcoming project.,False
EML-128,THR-051,CUST-013,routine,"The customer is asking about delivery options for a site cabin, which is a standard logistics question.",False
EML-129,THR-008,CUST-020,policy_correction,"The customer states a specific, confidently-worded rule about how damage charges work (cosmetic versus functional damage) that needs to be checked against the real policy term rather than simply looked up on the invoice, so this is borderline with a routine charge dispute but the explicit policy assertion is the better fit.",False
EML-130,THR-015,CUST-001,prior_promise,"The customer is explicitly asking Tammilehto Oy to honour a deposit waiver that a named staff member, Marko Seppälä, offered earlier in this same thread.",False
EML-131,THR-014,CUST-008,policy_correction,"The customer states a specific, confident rule (a three-day grace period on late returns) as the basis for disputing the charge, which reads as a policy claim needing verification against the actual term rather than a plain invoice lookup, though it is borderline with a routine billing dispute.",False
EML-132,THR-089,CUST-015,routine,"This is a straightforward additional booking request for a concrete mixer, referencing a previous rental for specification.",False
EML-133,THR-029,CUST-005,routine,"The customer wants an unrecognised charge on an invoice looked into, which is a standard invoice enquiry with no specific policy claim attached.",False
EML-134,THR-053,CUST-017,routine,This is a plain delivery-versus-pickup logistics question for a piece of equipment.,False
EML-135,THR-054,CUST-018,routine,This is a plain availability enquiry for a petrol pressure washer with a usual pickup location.,False
EML-136,THR-006,CUST-022,routine,"The customer is asking about availability and dates for a repeat equipment booking, which is answerable from the account record.",False
EML-137,THR-046,CUST-025,routine,"The customer is asking whether a specific piece of equipment is available at a given depot, a standard availability check.",False
EML-138,THR-037,CUST-003,routine,"The customer is chasing progress on an order that needs to be sorted soon, a standard logistics follow-up.",False
EML-139,THR-023,CUST-007,prior_promise,The customer is asking Tammilehto Oy to honour a commitment a staff member (Outi) made earlier in the thread about holding a replacement unit at the same rate.,False
EML-140,THR-016,CUST-010,routine,"The customer is asking for the best time to return a piece of equipment to a depot, a standard return-logistics question.",False
EML-141,THR-028,CUST-003,routine,"The customer is asking what delivery options exist for a piece of equipment, a standard logistics question.",False
EML-142,THR-038,CUST-021,routine,"The customer wants to move their pickup slot to a later date, a standard booking-change request.",False
EML-143,THR-085,CUST-023,routine,"The customer is asking when they can drop off equipment at the end of a rental, a standard return-logistics question.",False
EML-144,THR-020,CUST-018,prior_promise,The customer says a named staff member told them the extension would be free and is asking Tammilehto Oy to honour that earlier assurance by removing the charge.,False
EML-145,THR-079,CUST-015,routine,"The customer is asking to shift the dates on an existing booking because their project timeline changed, a standard booking-change request.",False
EML-146,THR-070,CUST-008,routine,"The customer is asking whether delivery to their site is possible or whether they need to collect the item themselves, a standard logistics question.",False
EML-147,THR-076,CUST-012,routine,"Although raised alongside an ongoing invoice issue, this email itself is simply asking whether a scaffold tower is available, a standard availability check.",False
EML-148,THR-025,CUST-023,routine,"The customer is asking to shift the dates on an existing rental because their plans changed, a standard booking-change request.",False
EML-149,THR-043,CUST-008,commercial_discount,"The customer is proposing a specific ongoing discount based on loyalty and volume, a pricing concession that requires a commercial judgment call rather than a policy lookup.",False
EML-150,THR-010,CUST-019,routine,"The customer is asking about equipment availability and what setup is needed as a new customer, both standard account and availability matters.",False
