email_id,thread_id,customer_id,intent_class,route,policy_gate_passed,consistency_gate_passed,completeness_gate_passed,route_reason
EML-001,THR-063,CUST-018,routine,human_queue,True,True,False,"auto-approved intent class, but blocked by: completeness_gate"
EML-002,THR-047,CUST-024,routine,auto_send,True,True,True,auto-approved intent class and every gate passed
EML-003,THR-049,CUST-001,routine,auto_send,True,True,True,auto-approved intent class and every gate passed
EML-004,THR-086,CUST-015,routine,human_queue,True,True,False,"auto-approved intent class, but blocked by: completeness_gate"
EML-005,THR-072,CUST-012,routine,auto_send,True,True,True,auto-approved intent class and every gate passed
EML-006,THR-084,CUST-008,routine,human_queue,True,True,False,"auto-approved intent class, but blocked by: completeness_gate"
EML-007,THR-021,CUST-007,routine,human_queue,True,True,False,"auto-approved intent class, but blocked by: completeness_gate"
EML-008,THR-055,CUST-024,routine,auto_send,True,True,True,auto-approved intent class and every gate passed
EML-009,THR-011,CUST-015,commercial_discount,human_queue,True,True,True,"commercial-judgment, prior-promise, or needs-info intent class — always queued for a human regardless of gate outcome"
EML-010,THR-062,CUST-011,policy_correction,auto_send,True,True,True,auto-approved intent class and every gate passed
EML-011,THR-080,CUST-018,routine,human_queue,True,True,False,"auto-approved intent class, but blocked by: completeness_gate"
EML-012,THR-009,CUST-009,routine,auto_send,True,True,True,auto-approved intent class and every gate passed
EML-013,THR-074,CUST-022,routine,human_queue,True,True,False,"auto-approved intent class, but blocked by: completeness_gate"
EML-014,THR-018,CUST-020,routine,auto_send,True,True,True,auto-approved intent class and every gate passed
EML-015,THR-075,CUST-007,routine,auto_send,True,True,True,auto-approved intent class and every gate passed
EML-016,THR-035,CUST-013,routine,auto_send,True,True,True,auto-approved intent class and every gate passed
EML-017,THR-021,CUST-007,routine,auto_send,True,True,True,auto-approved intent class and every gate passed
EML-018,THR-044,CUST-017,routine,auto_send,True,True,True,auto-approved intent class and every gate passed
EML-019,THR-063,CUST-018,routine,auto_send,True,True,True,auto-approved intent class and every gate passed
EML-020,THR-088,CUST-011,routine,auto_send,True,True,True,auto-approved intent class and every gate passed
EML-021,THR-026,CUST-012,commercial_discount,human_queue,True,True,True,"commercial-judgment, prior-promise, or needs-info intent class — always queued for a human regardless of gate outcome"
EML-022,THR-058,CUST-012,commercial_discount,human_queue,True,True,True,"commercial-judgment, prior-promise, or needs-info intent class — always queued for a human regardless of gate outcome"
EML-023,THR-086,CUST-015,routine,auto_send,True,True,True,auto-approved intent class and every gate passed
EML-024,THR-003,CUST-013,routine,auto_send,True,True,True,auto-approved intent class and every gate passed
EML-025,THR-061,CUST-022,routine,auto_send,True,True,True,auto-approved intent class and every gate passed
EML-026,THR-004,CUST-023,routine,auto_send,True,True,True,auto-approved intent class and every gate passed
EML-027,THR-084,CUST-008,routine,auto_send,True,True,True,auto-approved intent class and every gate passed
EML-028,THR-042,CUST-003,routine,auto_send,True,True,True,auto-approved intent class and every gate passed
EML-029,THR-005,CUST-002,policy_correction,auto_send,True,True,True,auto-approved intent class and every gate passed
EML-030,THR-086,CUST-015,routine,auto_send,True,True,True,auto-approved intent class and every gate passed
EML-031,THR-031,CUST-020,data_request,escalate,,,,classified into an escalate-on-classification intent class (safety or personal-data matter); no draft was attempted
EML-032,THR-007,CUST-025,routine,auto_send,True,True,True,auto-approved intent class and every gate passed
EML-033,THR-083,CUST-003,commercial_discount,human_queue,True,True,True,"commercial-judgment, prior-promise, or needs-info intent class — always queued for a human regardless of gate outcome"
EML-034,THR-081,CUST-015,routine,auto_send,True,True,True,auto-approved intent class and every gate passed
EML-035,THR-019,CUST-006,routine,auto_send,True,True,True,auto-approved intent class and every gate passed
EML-036,THR-069,CUST-013,routine,auto_send,True,True,True,auto-approved intent class and every gate passed
EML-037,THR-021,CUST-007,safety,escalate,,,,classified into an escalate-on-classification intent class (safety or personal-data matter); no draft was attempted
EML-038,THR-037,CUST-003,routine,auto_send,True,True,True,auto-approved intent class and every gate passed
EML-039,THR-022,CUST-016,routine,auto_send,True,True,True,auto-approved intent class and every gate passed
EML-040,THR-024,CUST-016,data_request,escalate,,,,classified into an escalate-on-classification intent class (safety or personal-data matter); no draft was attempted
EML-041,THR-035,CUST-013,routine,auto_send,True,True,True,auto-approved intent class and every gate passed
EML-042,THR-055,CUST-024,prior_promise,human_queue,True,True,True,"commercial-judgment, prior-promise, or needs-info intent class — always queued for a human regardless of gate outcome"
EML-043,THR-063,CUST-018,routine,auto_send,True,True,True,auto-approved intent class and every gate passed
EML-044,THR-008,CUST-020,routine,auto_send,True,True,True,auto-approved intent class and every gate passed
EML-045,THR-030,CUST-015,routine,auto_send,True,True,True,auto-approved intent class and every gate passed
EML-046,THR-077,CUST-001,routine,auto_send,True,True,True,auto-approved intent class and every gate passed
EML-047,THR-062,CUST-011,safety,escalate,,,,classified into an escalate-on-classification intent class (safety or personal-data matter); no draft was attempted
EML-048,THR-065,CUST-022,routine,auto_send,True,True,True,auto-approved intent class and every gate passed
EML-049,THR-052,CUST-013,routine,auto_send,True,True,True,auto-approved intent class and every gate passed
EML-050,THR-087,CUST-013,routine,auto_send,True,True,True,auto-approved intent class and every gate passed
EML-051,THR-007,CUST-025,routine,auto_send,True,True,True,auto-approved intent class and every gate passed
EML-052,THR-050,CUST-004,routine,auto_send,True,True,True,auto-approved intent class and every gate passed
EML-053,THR-026,CUST-012,routine,auto_send,True,True,True,auto-approved intent class and every gate passed
EML-054,THR-062,CUST-011,routine,auto_send,True,True,True,auto-approved intent class and every gate passed
EML-055,THR-061,CUST-022,routine,auto_send,True,True,True,auto-approved intent class and every gate passed
EML-056,THR-078,CUST-016,routine,auto_send,True,True,True,auto-approved intent class and every gate passed
EML-057,THR-082,CUST-008,routine,auto_send,True,True,True,auto-approved intent class and every gate passed
EML-058,THR-019,CUST-006,routine,auto_send,True,True,True,auto-approved intent class and every gate passed
EML-059,THR-045,CUST-018,routine,auto_send,True,True,True,auto-approved intent class and every gate passed
EML-060,THR-005,CUST-002,routine,auto_send,True,True,True,auto-approved intent class and every gate passed
EML-061,THR-045,CUST-018,routine,auto_send,True,True,True,auto-approved intent class and every gate passed
EML-062,THR-082,CUST-008,data_request,escalate,,,,classified into an escalate-on-classification intent class (safety or personal-data matter); no draft was attempted
EML-063,THR-059,CUST-009,routine,auto_send,True,True,True,auto-approved intent class and every gate passed
EML-064,THR-002,CUST-016,routine,auto_send,True,True,True,auto-approved intent class and every gate passed
EML-065,THR-027,CUST-021,routine,auto_send,True,True,True,auto-approved intent class and every gate passed
EML-066,THR-071,CUST-022,routine,auto_send,True,True,True,auto-approved intent class and every gate passed
EML-067,THR-009,CUST-009,routine,auto_send,True,True,True,auto-approved intent class and every gate passed
EML-068,THR-033,CUST-018,routine,auto_send,True,True,True,auto-approved intent class and every gate passed
EML-069,THR-058,CUST-012,prior_promise,human_queue,True,True,True,"commercial-judgment, prior-promise, or needs-info intent class — always queued for a human regardless of gate outcome"
EML-070,THR-012,CUST-003,routine,auto_send,True,True,True,auto-approved intent class and every gate passed
EML-071,THR-057,CUST-013,safety,escalate,,,,classified into an escalate-on-classification intent class (safety or personal-data matter); no draft was attempted
EML-072,THR-048,CUST-013,routine,auto_send,True,True,True,auto-approved intent class and every gate passed
EML-073,THR-029,CUST-005,commercial_discount,human_queue,True,True,True,"commercial-judgment, prior-promise, or needs-info intent class — always queued for a human regardless of gate outcome"
EML-074,THR-041,CUST-003,routine,auto_send,True,True,True,auto-approved intent class and every gate passed
EML-075,THR-002,CUST-016,routine,auto_send,True,True,True,auto-approved intent class and every gate passed
EML-076,THR-052,CUST-013,routine,auto_send,True,True,True,auto-approved intent class and every gate passed
EML-077,THR-059,CUST-009,routine,auto_send,True,True,True,auto-approved intent class and every gate passed
EML-078,THR-012,CUST-003,routine,auto_send,True,True,True,auto-approved intent class and every gate passed
EML-079,THR-013,CUST-018,routine,auto_send,True,True,True,auto-approved intent class and every gate passed
EML-080,THR-033,CUST-018,routine,auto_send,True,True,True,auto-approved intent class and every gate passed
EML-081,THR-057,CUST-013,routine,auto_send,True,True,True,auto-approved intent class and every gate passed
EML-082,THR-071,CUST-022,routine,auto_send,True,True,True,auto-approved intent class and every gate passed
EML-083,THR-022,CUST-016,routine,auto_send,True,True,True,auto-approved intent class and every gate passed
EML-084,THR-030,CUST-015,routine,auto_send,True,True,True,auto-approved intent class and every gate passed
EML-085,THR-008,CUST-020,routine,auto_send,True,True,True,auto-approved intent class and every gate passed
EML-086,THR-017,CUST-012,routine,auto_send,True,True,True,auto-approved intent class and every gate passed
EML-087,THR-084,CUST-008,routine,auto_send,True,True,True,auto-approved intent class and every gate passed
EML-088,THR-056,CUST-008,safety,escalate,,,,classified into an escalate-on-classification intent class (safety or personal-data matter); no draft was attempted
EML-089,THR-026,CUST-012,routine,auto_send,True,True,True,auto-approved intent class and every gate passed
EML-090,THR-016,CUST-010,routine,auto_send,True,True,True,auto-approved intent class and every gate passed
EML-091,THR-037,CUST-003,routine,auto_send,True,True,True,auto-approved intent class and every gate passed
EML-092,THR-035,CUST-013,routine,auto_send,True,True,True,auto-approved intent class and every gate passed
EML-093,THR-063,CUST-018,routine,auto_send,True,True,True,auto-approved intent class and every gate passed
EML-094,THR-030,CUST-015,routine,auto_send,True,True,True,auto-approved intent class and every gate passed
EML-095,THR-064,CUST-010,routine,auto_send,True,True,True,auto-approved intent class and every gate passed
EML-096,THR-013,CUST-018,routine,auto_send,True,True,True,auto-approved intent class and every gate passed
EML-097,THR-024,CUST-016,routine,auto_send,True,True,True,auto-approved intent class and every gate passed
EML-098,THR-036,CUST-014,routine,auto_send,True,True,True,auto-approved intent class and every gate passed
EML-099,THR-082,CUST-008,routine,auto_send,True,True,True,auto-approved intent class and every gate passed
EML-100,THR-066,CUST-004,routine,auto_send,True,True,True,auto-approved intent class and every gate passed
EML-101,THR-028,CUST-003,routine,auto_send,True,True,True,auto-approved intent class and every gate passed
EML-102,THR-077,CUST-001,routine,auto_send,True,True,True,auto-approved intent class and every gate passed
EML-103,THR-015,CUST-001,commercial_discount,human_queue,True,True,True,"commercial-judgment, prior-promise, or needs-info intent class — always queued for a human regardless of gate outcome"
EML-104,THR-067,CUST-020,routine,auto_send,True,True,True,auto-approved intent class and every gate passed
EML-105,THR-068,CUST-007,routine,auto_send,True,True,True,auto-approved intent class and every gate passed
EML-106,THR-089,CUST-015,routine,auto_send,True,True,True,auto-approved intent class and every gate passed
EML-107,THR-057,CUST-013,routine,auto_send,True,True,True,auto-approved intent class and every gate passed
EML-108,THR-071,CUST-022,routine,auto_send,True,True,True,auto-approved intent class and every gate passed
EML-109,THR-090,CUST-002,routine,auto_send,True,True,True,auto-approved intent class and every gate passed
EML-110,THR-040,CUST-005,routine,auto_send,True,True,True,auto-approved intent class and every gate passed
EML-111,THR-059,CUST-009,routine,auto_send,True,True,True,auto-approved intent class and every gate passed
EML-112,THR-048,CUST-013,commercial_discount,human_queue,True,True,True,"commercial-judgment, prior-promise, or needs-info intent class — always queued for a human regardless of gate outcome"
EML-113,THR-023,CUST-007,routine,auto_send,True,True,True,auto-approved intent class and every gate passed
EML-114,THR-017,CUST-012,prior_promise,human_queue,True,True,True,"commercial-judgment, prior-promise, or needs-info intent class — always queued for a human regardless of gate outcome"
EML-115,THR-051,CUST-013,routine,auto_send,True,True,True,auto-approved intent class and every gate passed
EML-116,THR-020,CUST-018,routine,auto_send,True,True,True,auto-approved intent class and every gate passed
EML-117,THR-073,CUST-015,routine,auto_send,True,True,True,auto-approved intent class and every gate passed
EML-118,THR-009,CUST-009,routine,auto_send,True,True,True,auto-approved intent class and every gate passed
EML-119,THR-029,CUST-005,routine,auto_send,True,True,True,auto-approved intent class and every gate passed
EML-120,THR-060,CUST-002,routine,auto_send,True,True,True,auto-approved intent class and every gate passed
EML-121,THR-040,CUST-005,routine,auto_send,True,True,True,auto-approved intent class and every gate passed
EML-122,THR-076,CUST-012,routine,auto_send,True,True,True,auto-approved intent class and every gate passed
EML-123,THR-032,CUST-024,routine,auto_send,True,True,True,auto-approved intent class and every gate passed
EML-124,THR-039,CUST-005,routine,auto_send,True,True,True,auto-approved intent class and every gate passed
EML-125,THR-001,CUST-022,routine,auto_send,True,True,True,auto-approved intent class and every gate passed
EML-126,THR-034,CUST-016,routine,auto_send,True,True,True,auto-approved intent class and every gate passed
EML-127,THR-065,CUST-022,routine,auto_send,True,True,True,auto-approved intent class and every gate passed
EML-128,THR-051,CUST-013,routine,auto_send,True,True,True,auto-approved intent class and every gate passed
EML-129,THR-008,CUST-020,policy_correction,auto_send,True,True,True,auto-approved intent class and every gate passed
EML-130,THR-015,CUST-001,prior_promise,human_queue,True,True,True,"commercial-judgment, prior-promise, or needs-info intent class — always queued for a human regardless of gate outcome"
EML-131,THR-014,CUST-008,policy_correction,auto_send,True,True,True,auto-approved intent class and every gate passed
EML-132,THR-089,CUST-015,routine,auto_send,True,True,True,auto-approved intent class and every gate passed
EML-133,THR-029,CUST-005,routine,auto_send,True,True,True,auto-approved intent class and every gate passed
EML-134,THR-053,CUST-017,routine,auto_send,True,True,True,auto-approved intent class and every gate passed
EML-135,THR-054,CUST-018,routine,auto_send,True,True,True,auto-approved intent class and every gate passed
EML-136,THR-006,CUST-022,routine,auto_send,True,True,True,auto-approved intent class and every gate passed
EML-137,THR-046,CUST-025,routine,auto_send,True,True,True,auto-approved intent class and every gate passed
EML-138,THR-037,CUST-003,routine,auto_send,True,True,True,auto-approved intent class and every gate passed
EML-139,THR-023,CUST-007,prior_promise,human_queue,True,True,True,"commercial-judgment, prior-promise, or needs-info intent class — always queued for a human regardless of gate outcome"
EML-140,THR-016,CUST-010,routine,auto_send,True,True,True,auto-approved intent class and every gate passed
EML-141,THR-028,CUST-003,routine,auto_send,True,True,True,auto-approved intent class and every gate passed
EML-142,THR-038,CUST-021,routine,auto_send,True,True,True,auto-approved intent class and every gate passed
EML-143,THR-085,CUST-023,routine,auto_send,True,True,True,auto-approved intent class and every gate passed
EML-144,THR-020,CUST-018,prior_promise,human_queue,True,True,True,"commercial-judgment, prior-promise, or needs-info intent class — always queued for a human regardless of gate outcome"
EML-145,THR-079,CUST-015,routine,auto_send,True,True,True,auto-approved intent class and every gate passed
EML-146,THR-070,CUST-008,routine,human_queue,True,True,False,"auto-approved intent class, but blocked by: completeness_gate"
EML-147,THR-076,CUST-012,routine,auto_send,True,True,True,auto-approved intent class and every gate passed
EML-148,THR-025,CUST-023,routine,auto_send,True,True,True,auto-approved intent class and every gate passed
EML-149,THR-043,CUST-008,commercial_discount,human_queue,True,True,True,"commercial-judgment, prior-promise, or needs-info intent class — always queued for a human regardless of gate outcome"
EML-150,THR-010,CUST-019,routine,auto_send,True,True,True,auto-approved intent class and every gate passed
