candidate_id,full_name,archetype,archetype_label,name_origin,gender,graduation_year,grad_year_band,degree_country,career_gap,career_gap_reason,university,primary_employer,offrole_profession,must_have_pass_count,fully_qualified,letter_only_evidence_count,style_seed,cover_letter_target_words
C001,Sami Korhonen,H,Genuine borderline,finnish,male,2020.0,2019_2024,non_eu,False,,Shanghai Jiao Tong University,Boreal Photonics,,5,False,2,8132.0,351.0
C002,Freja Kovac,OFFROLE,Off-role applicant,non_finnish_european,female,2016.0,2014_2018,finland,True,parental leave,Aalto University,,sales,0,False,0,9861.0,381.0
C003,Lukas Novak,C,Near miss,non_finnish_european,male,2016.0,2014_2018,non_eu,True,redundancy followed by a slow requalification period,University of Tokyo,Tuulikallio Embedded Systems,,4,False,0,4383.0,433.0
C004,Antti Rantanen,B,Clear miss,finnish,male,1999.0,1998_2006,other_eu,True,sabbatical / travel,Chalmers University of Technology,Polaris RF Labs,,2,False,3,2566.0,445.0
C005,Anne Heikkinen,B,Clear miss,finnish,female,2016.0,2014_2018,finland,True,extended illness recovery,LUT University,Revontuli Satellite Systems,,1,False,0,2039.0,434.0
C006,Hannu Salo,OFFROLE,Off-role applicant,finnish,male,2021.0,2019_2024,other_eu,False,,Politecnico di Milano,,mechanical_engineering,0,False,0,9730.0,327.0
C007,Ling Khan,C,Near miss,non_european,female,2006.0,1998_2006,finland,False,,Aalto University,Meridian Defence Electronics,,4,False,3,8849.0,435.0
C008,Carlos Chen,B,Clear miss,non_european,male,2016.0,2014_2018,non_eu,False,,University of Toronto,Fenno Radar Technologies,,2,False,0,4398.0,386.0
C009,Camille Rossi,A,Clear fit,non_finnish_european,female,2006.0,1998_2006,other_eu,False,,RWTH Aachen University,Nordkom Radar Systems,,5,True,3,9204.0,442.0
C010,Isabel Kallas,B,Clear miss,non_finnish_european,female,2023.0,2019_2024,finland,False,,Tampere University,Baltic Sensor Networks,,1,False,0,8304.0,330.0
C011,Chinedu Li,F,Hidden gem,non_european,male,2011.0,2007_2013,non_eu,False,,MIT,Baltic Sensor Networks,,5,True,1,3946.0,334.0
C012,Sofia Larsen,A,Clear fit,non_finnish_european,female,2006.0,1998_2006,finland,False,,Aalto University,Tuulikallio Embedded Systems,,5,True,2,8153.0,407.0
C013,Giovanni Horvath,B,Clear miss,non_finnish_european,male,2008.0,2007_2013,finland,True,career break for further study / retraining,LUT University,Kajanti Avionics,,0,False,1,7469.0,447.0
C014,Petri Jarvinen,B,Clear miss,finnish,male,1999.0,1998_2006,other_eu,False,,RWTH Aachen University,Fenno Radar Technologies,,0,False,1,9299.0,389.0
C015,Emma Petrov,A,Clear fit,non_finnish_european,female,2021.0,2019_2024,finland,False,,University of Oulu,Helios Photonics,,5,True,0,2898.0,346.0
C016,Heikki Virtanen,B,Clear miss,finnish,male,2008.0,2007_2013,non_eu,False,,Indian Institute of Technology Bombay,Boreal Photonics,,0,False,0,4769.0,456.0
C017,Camila Patel,B,Clear miss,non_european,female,2018.0,2014_2018,finland,False,,LUT University,Baltic Sensor Networks,,1,False,1,9832.0,332.0
C018,Marie Moreau,OFFROLE,Off-role applicant,non_finnish_european,female,2024.0,2019_2024,finland,False,,Tampere University,,finance,0,False,0,2193.0,468.0
C019,Bartosz Nowak,G,Nonlinear path,non_finnish_european,male,2019.0,2019_2024,non_eu,True,career break for further study / retraining,University of Toronto,Polaris RF Labs,,5,True,1,7070.0,418.0
C020,Anja Kowalski,E,Credential inflation,non_finnish_european,female,2023.0,2019_2024,finland,False,,Aalto University,Norlight Optics,,5,False,1,6478.0,392.0
C021,Sanna Salminen,H,Genuine borderline,finnish,female,2004.0,1998_2006,other_eu,False,,KTH Royal Institute of Technology,Fenno Radar Technologies,,5,False,1,1022.0,468.0
C022,Fatima Reddy,H,Genuine borderline,non_european,female,2010.0,2007_2013,finland,False,,University of Oulu,Baltic Sensor Networks,,5,False,0,8849.0,337.0
C023,Omar Kim,B,Clear miss,non_european,male,2023.0,2019_2024,other_eu,True,extended illness recovery,TU Delft,Baltic Sensor Networks,,1,False,0,3766.0,338.0
C024,Leila Okafor,OFFROLE,Off-role applicant,non_european,female,2004.0,1998_2006,non_eu,True,parental leave,Seoul National University,,web_development,0,False,0,1901.0,417.0
C025,Zara Souza,A,Clear fit,non_european,female,2018.0,2014_2018,non_eu,False,,MIT,Polaris RF Labs,,5,True,0,7173.0,461.0
C026,Mikko Heinonen,A,Clear fit,finnish,male,2000.0,1998_2006,finland,False,,University of Oulu,Aurinko Avionics,,5,True,0,3247.0,395.0
C027,Greta Jensen,C,Near miss,non_finnish_european,female,2002.0,1998_2006,non_eu,False,,MIT,Tuulikallio Embedded Systems,,4,False,2,6607.0,422.0
C028,Katarina Fischer,D,Keyword stuffer,non_finnish_european,female,2004.0,1998_2006,other_eu,True,extended illness recovery,RWTH Aachen University,Boreal Photonics,,0,False,1,6185.0,453.0
C029,Ville Makela,C,Near miss,finnish,male,2014.0,2014_2018,finland,False,,LUT University,Hallaharju Space Systems,,4,False,1,1715.0,441.0
C030,Marco Muller,C,Near miss,non_finnish_european,male,2013.0,2007_2013,finland,True,redundancy followed by a slow requalification period,University of Oulu,Baltic Sensor Networks,,4,False,0,8891.0,443.0
C031,Rosa Adeyemi,B,Clear miss,non_european,female,2007.0,2007_2013,other_eu,False,,KTH Royal Institute of Technology,Kajanti Avionics,,2,False,1,2457.0,325.0
C032,Sana Gupta,B,Clear miss,non_european,female,2024.0,2019_2024,finland,False,,Tampere University,Tuulikallio Embedded Systems,,0,False,0,6470.0,327.0
C033,Adaeze Hassan,C,Near miss,non_european,female,2001.0,1998_2006,finland,False,,University of Oulu,Helios Photonics,,4,False,1,2680.0,428.0
C034,Yuki Rahman,B,Clear miss,non_european,female,2008.0,2007_2013,other_eu,True,parental leave,KTH Royal Institute of Technology,Tuulikallio Embedded Systems,,2,False,0,1080.0,415.0
C035,Anna Hamalainen,OFFROLE,Off-role applicant,finnish,female,2012.0,2007_2013,finland,False,,Aalto University,,web_development,0,False,0,5895.0,433.0
C036,Tomas Popescu,E,Credential inflation,non_finnish_european,male,2015.0,2014_2018,finland,False,,University of Helsinki,Aurinko Avionics,,4,False,1,8712.0,372.0
C037,Minna Turunen,B,Clear miss,finnish,female,2010.0,2007_2013,finland,False,,Aalto University,Fenno Radar Technologies,,2,False,1,6178.0,472.0
C038,Ngozi Sharma,B,Clear miss,non_european,female,2016.0,2014_2018,other_eu,False,,RWTH Aachen University,Kaira Wireless,,0,False,0,7628.0,371.0
C039,Mateus Fernandez,C,Near miss,non_european,male,2008.0,2007_2013,other_eu,False,,TU Delft,Aurinko Avionics,,4,False,0,8422.0,457.0
C040,Jan Dubois,B,Clear miss,non_finnish_european,male,2021.0,2019_2024,finland,False,,Aalto University,Meridian Defence Electronics,,0,False,0,6221.0,386.0
C041,Karel Schneider,B,Clear miss,non_finnish_european,male,2002.0,1998_2006,other_eu,True,caregiving leave,Chalmers University of Technology,Meridian Defence Electronics,,2,False,3,8259.0,444.0
C042,Ana Abara,G,Nonlinear path,non_european,female,2004.0,1998_2006,other_eu,True,career break for further study / retraining,RWTH Aachen University,Polaris RF Labs,,5,True,1,7174.0,432.0
C043,Amara Costa,G,Nonlinear path,non_european,female,2024.0,2019_2024,other_eu,True,career break for further study / retraining,TU Delft,Revontuli Satellite Systems,,5,True,0,3273.0,464.0
C044,Emilia Lehtonen,F,Hidden gem,finnish,female,2024.0,2019_2024,other_eu,False,,Chalmers University of Technology,Revontuli Satellite Systems,,5,True,4,5329.0,347.0
C045,Jian Silva,B,Clear miss,non_european,male,2001.0,1998_2006,finland,True,redundancy followed by a slow requalification period,LUT University,Norlight Optics,,2,False,0,1546.0,426.0
C046,Kaisa Niemi,E,Credential inflation,finnish,female,1999.0,1998_2006,non_eu,True,caregiving leave,Indian Institute of Technology Bombay,Vireo Sensor Systems,,4,False,2,6456.0,375.0
C047,Laura Makinen,D,Keyword stuffer,finnish,female,2004.0,1998_2006,other_eu,False,,RWTH Aachen University,Norlight Optics,,0,False,0,6182.0,473.0
C048,Dimitri Lindgren,C,Near miss,non_finnish_european,male,2008.0,2007_2013,other_eu,False,,Politecnico di Milano,Tuulikallio Embedded Systems,,4,False,1,9514.0,378.0
C049,Olli Saarinen,B,Clear miss,finnish,male,2019.0,2019_2024,other_eu,False,,RWTH Aachen University,Tuulikallio Embedded Systems,,1,False,1,9204.0,375.0
C050,Marta Andersson,D,Keyword stuffer,non_finnish_european,female,1998.0,1998_2006,finland,False,,LUT University,Nordkom Radar Systems,,0,False,1,8304.0,341.0
C051,Johanna Lehtinen,B,Clear miss,finnish,female,2005.0,1998_2006,finland,True,sabbatical / travel,University of Helsinki,Boreal Photonics,,0,False,1,3079.0,417.0
C052,Ludvig Bianchi,B,Clear miss,non_finnish_european,male,2024.0,2019_2024,other_eu,False,,RWTH Aachen University,Tuulikallio Embedded Systems,,2,False,0,8585.0,421.0
C053,Aleksi Koskinen,B,Clear miss,finnish,male,2016.0,2014_2018,finland,False,,Tampere University,Aurinko Avionics,,0,False,0,4355.0,451.0
C054,Timo Nieminen,A,Clear fit,finnish,male,2008.0,2007_2013,other_eu,False,,Chalmers University of Technology,Tuulikallio Embedded Systems,,5,True,2,9537.0,473.0
C055,Tomi Laine,C,Near miss,finnish,male,2015.0,2014_2018,other_eu,False,,RWTH Aachen University,Tuulikallio Embedded Systems,,4,False,3,8597.0,361.0
C056,Outi Kinnunen,C,Near miss,finnish,female,2019.0,2019_2024,non_eu,True,caregiving leave,University of Tokyo,Kajanti Avionics,,4,False,1,7482.0,346.0
C057,Pierre Berg,OFFROLE,Off-role applicant,non_finnish_european,male,2012.0,2007_2013,non_eu,False,,Seoul National University,,teaching,0,False,0,9316.0,393.0
C058,Kristina Kowalski,B,Clear miss,non_finnish_european,female,2024.0,2019_2024,non_eu,True,extended illness recovery,MIT,Boreal Photonics,,0,False,1,1740.0,373.0
C059,Esa Jarvinen,C,Near miss,finnish,male,2018.0,2014_2018,finland,False,,University of Helsinki,Aurinko Avionics,,4,False,3,2807.0,477.0
C060,Anneke Jensen,D,Keyword stuffer,non_finnish_european,female,1999.0,1998_2006,other_eu,False,,TU Delft,Baltic Sensor Networks,,0,False,0,7815.0,402.0
C061,Riikka Korhonen,B,Clear miss,finnish,female,2015.0,2014_2018,other_eu,False,,ETH Zurich,Boreal Photonics,,2,False,0,8862.0,379.0
C062,Matti Kinnunen,B,Clear miss,finnish,male,2006.0,1998_2006,non_eu,False,,Seoul National University,Kaira Wireless,,1,False,0,8540.0,428.0
C063,Amir Tanaka,C,Near miss,non_european,male,2007.0,2007_2013,non_eu,True,career break for further study / retraining,MIT,Baltic Sensor Networks,,4,False,0,5348.0,469.0
C064,Aleksandra Dubois,F,Hidden gem,non_finnish_european,female,2014.0,2014_2018,other_eu,False,,RWTH Aachen University,Tuulikallio Embedded Systems,,5,True,3,6781.0,379.0
C065,Diego Nwosu,G,Nonlinear path,non_european,male,2010.0,2007_2013,finland,True,redundancy followed by a slow requalification period,Tampere University,Aurinko Avionics,,5,True,2,9504.0,326.0
C066,Erik Berg,H,Genuine borderline,non_finnish_european,male,2018.0,2014_2018,finland,False,,Tampere University,Tuulikallio Embedded Systems,,5,False,1,3757.0,344.0
C067,Pekka Nieminen,A,Clear fit,finnish,male,2004.0,1998_2006,finland,False,,LUT University,Hallaharju Space Systems,,5,True,0,2781.0,337.0
C068,Kari Heinonen,D,Keyword stuffer,finnish,male,2020.0,2019_2024,finland,False,,University of Helsinki,Revontuli Satellite Systems,,0,False,0,7994.0,450.0
C069,Zofia Fischer,D,Keyword stuffer,non_finnish_european,female,2013.0,2007_2013,finland,False,,University of Helsinki,Baltic Sensor Networks,,0,False,0,6100.0,368.0
C070,Nadia Nowak,B,Clear miss,non_finnish_european,female,2015.0,2014_2018,finland,False,,Aalto University,Hallaharju Space Systems,,1,False,1,5272.0,476.0
C071,Klara Petrov,B,Clear miss,non_finnish_european,female,2007.0,2007_2013,other_eu,True,redundancy followed by a slow requalification period,RWTH Aachen University,Kajanti Avionics,,2,False,0,3013.0,335.0
C072,Stefan Horvath,B,Clear miss,non_finnish_european,male,2019.0,2019_2024,finland,False,,Aalto University,Hallaharju Space Systems,,2,False,0,9554.0,434.0
C073,Matteo Bianchi,B,Clear miss,non_finnish_european,male,2002.0,1998_2006,finland,False,,LUT University,Helios Photonics,,2,False,1,8972.0,322.0
C074,Kwame Wang,B,Clear miss,non_european,male,2007.0,2007_2013,finland,False,,Tampere University,Hallaharju Space Systems,,2,False,1,7317.0,362.0
C075,Marja Niemi,E,Credential inflation,finnish,female,2007.0,2007_2013,other_eu,False,,KTH Royal Institute of Technology,Polaris RF Labs,,4,False,0,3269.0,330.0
C076,Katja Makinen,A,Clear fit,finnish,female,2004.0,1998_2006,finland,False,,University of Oulu,Hallaharju Space Systems,,5,True,0,7375.0,378.0
C077,Sanne Rossi,B,Clear miss,non_finnish_european,female,2008.0,2007_2013,finland,False,,Aalto University,Helios Photonics,,2,False,1,8902.0,401.0
C078,Sven Muller,E,Credential inflation,non_finnish_european,male,2000.0,1998_2006,other_eu,False,,KTH Royal Institute of Technology,Nordkom Radar Systems,,5,False,0,6218.0,357.0
C079,Elena Novak,F,Hidden gem,non_finnish_european,female,2013.0,2007_2013,finland,False,,University of Oulu,Baltic Sensor Networks,,5,True,2,6751.0,472.0
C080,Nils Moreau,F,Hidden gem,non_finnish_european,male,2024.0,2019_2024,finland,False,,LUT University,Aurinko Avionics,,5,True,1,3821.0,457.0
C081,Juha Salminen,B,Clear miss,finnish,male,1999.0,1998_2006,non_eu,False,,University of Tokyo,Norlight Optics,,1,False,1,7857.0,399.0
C082,Kirsi Makela,B,Clear miss,finnish,female,2018.0,2014_2018,finland,True,career break for further study / retraining,Tampere University,Baltic Sensor Networks,,2,False,0,8298.0,320.0
C083,Livia Kallas,B,Clear miss,non_finnish_european,female,2009.0,2007_2013,other_eu,True,sabbatical / travel,Politecnico di Milano,Meridian Defence Electronics,,1,False,1,1299.0,440.0
C084,Ingrid Schneider,F,Hidden gem,non_finnish_european,female,2019.0,2019_2024,other_eu,False,,RWTH Aachen University,Fenno Radar Technologies,,5,True,1,6241.0,432.0
C085,Jukka Salo,F,Hidden gem,finnish,male,2024.0,2019_2024,non_eu,False,,Indian Institute of Technology Bombay,Meridian Defence Electronics,,5,True,1,2242.0,423.0
C086,Heidi Lehtonen,B,Clear miss,finnish,female,2017.0,2014_2018,non_eu,False,,Indian Institute of Technology Bombay,Boreal Photonics,,1,False,1,4710.0,414.0
C087,Arjun Hassan,D,Keyword stuffer,non_european,male,2020.0,2019_2024,finland,True,caregiving leave,University of Helsinki,Norlight Optics,,0,False,1,6926.0,348.0
C088,Rasmus Kovac,B,Clear miss,non_finnish_european,male,2022.0,2019_2024,other_eu,False,,Politecnico di Milano,Revontuli Satellite Systems,,2,False,1,6492.0,438.0
C089,Valentina Nwosu,A,Clear fit,non_european,female,2024.0,2019_2024,non_eu,False,,Shanghai Jiao Tong University,Boreal Photonics,,5,True,3,8303.0,408.0
C090,Henrik Andersson,H,Genuine borderline,non_finnish_european,male,2012.0,2007_2013,finland,False,,University of Helsinki,Revontuli Satellite Systems,,5,False,0,1932.0,430.0
C091,Marika Hamalainen,C,Near miss,finnish,female,2022.0,2019_2024,other_eu,False,,RWTH Aachen University,Nordkom Radar Systems,,4,False,2,3573.0,448.0
C092,Paivi Koskinen,B,Clear miss,finnish,female,2002.0,1998_2006,non_eu,False,,MIT,Fenno Radar Technologies,,2,False,1,9523.0,356.0
C093,Klara Larsen,OFFROLE,Off-role applicant,non_finnish_european,female,2003.0,1998_2006,finland,False,,LUT University,,web_development,0,False,0,5423.0,478.0
C094,Klaus Lindgren,G,Nonlinear path,non_finnish_european,male,2009.0,2007_2013,other_eu,True,career break for further study / retraining,ETH Zurich,Kajanti Avionics,,5,True,0,8755.0,414.0
C095,Chidinma Reddy,C,Near miss,non_european,female,2016.0,2014_2018,finland,True,sabbatical / travel,Tampere University,Fenno Radar Technologies,,4,False,2,2396.0,435.0
C096,Tiina Rantanen,F,Hidden gem,finnish,female,2003.0,1998_2006,non_eu,False,,MIT,Aurinko Avionics,,5,True,3,7827.0,326.0
C097,Satu Lehtinen,OFFROLE,Off-role applicant,finnish,female,2018.0,2014_2018,finland,True,redundancy followed by a slow requalification period,LUT University,,sales,0,False,0,6529.0,478.0
C098,Elina Turunen,F,Hidden gem,finnish,female,2001.0,1998_2006,finland,False,,Tampere University,Vireo Sensor Systems,,5,True,1,8241.0,465.0
C099,Andrei Popescu,B,Clear miss,non_finnish_european,male,2024.0,2019_2024,finland,False,,Tampere University,Baltic Sensor Networks,,2,False,0,5346.0,468.0
C100,Marko Saarinen,C,Near miss,finnish,male,2014.0,2014_2018,non_eu,False,,University of Toronto,Polaris RF Labs,,4,False,1,5667.0,423.0
C101,Pawel Kowalski,B,Clear miss,non_finnish_european,male,2007.0,2007_2013,finland,False,,Tampere University,Revontuli Satellite Systems,,2,False,0,8944.0,474.0
C102,Hanna Heikkinen,A,Clear fit,finnish,female,2017.0,2014_2018,other_eu,False,,TU Delft,Vireo Sensor Systems,,5,True,1,9792.0,427.0
C103,Kaisa Laine,C,Near miss,finnish,female,2007.0,2007_2013,finland,False,,Aalto University,Aurinko Avionics,,4,False,0,8253.0,402.0
C104,Emma Popescu,E,Credential inflation,non_finnish_european,female,2017.0,2014_2018,finland,True,sabbatical / travel,LUT University,Aurinko Avionics,,4,False,0,4600.0,422.0
C105,Mei Rahman,E,Credential inflation,non_european,female,2014.0,2014_2018,finland,False,,Aalto University,Norlight Optics,,4,False,0,9579.0,443.0
C106,Jari Virtanen,F,Hidden gem,finnish,male,2001.0,1998_2006,finland,False,,University of Helsinki,Norlight Optics,,5,True,1,8624.0,353.0
C107,Anne Laine,G,Nonlinear path,finnish,female,2014.0,2014_2018,finland,True,extended illness recovery,University of Oulu,Kajanti Avionics,,5,True,0,4992.0,349.0
C108,Tomas Nowak,B,Clear miss,non_finnish_european,male,2005.0,1998_2006,finland,False,,LUT University,Revontuli Satellite Systems,,2,False,1,8992.0,376.0
C109,Sofia Kovac,B,Clear miss,non_finnish_european,female,2021.0,2019_2024,other_eu,True,parental leave,ETH Zurich,Norlight Optics,,0,False,1,5983.0,449.0
C110,Emilia Virtanen,D,Keyword stuffer,finnish,female,2022.0,2019_2024,finland,False,,LUT University,Hallaharju Space Systems,,0,False,0,3044.0,342.0
C111,Jussi Hamalainen,C,Near miss,finnish,male,2002.0,1998_2006,finland,False,,Aalto University,Meridian Defence Electronics,,4,False,0,1793.0,414.0
C112,Elina Koskinen,B,Clear miss,finnish,female,2016.0,2014_2018,non_eu,True,parental leave,Indian Institute of Technology Bombay,Baltic Sensor Networks,,2,False,1,2047.0,329.0
C113,Katarina Schneider,A,Clear fit,non_finnish_european,female,2000.0,1998_2006,finland,False,,University of Helsinki,Nordkom Radar Systems,,5,True,0,2828.0,439.0
C114,Matti Heikkinen,B,Clear miss,finnish,male,2023.0,2019_2024,non_eu,False,,Seoul National University,Kajanti Avionics,,1,False,1,8736.0,341.0
C115,Ville Jarvinen,A,Clear fit,finnish,male,2015.0,2014_2018,non_eu,False,,Shanghai Jiao Tong University,Boreal Photonics,,5,True,1,8998.0,352.0
C116,Feng Fernandez,D,Keyword stuffer,non_european,male,2010.0,2007_2013,other_eu,False,,KTH Royal Institute of Technology,Baltic Sensor Networks,,0,False,0,7330.0,371.0
C117,Marko Korhonen,B,Clear miss,finnish,male,2017.0,2014_2018,finland,False,,LUT University,Aurinko Avionics,,2,False,1,5169.0,451.0
C118,Erik Novak,B,Clear miss,non_finnish_european,male,2022.0,2019_2024,finland,False,,Aalto University,Polaris RF Labs,,2,False,1,6993.0,460.0
C119,Nadia Jensen,B,Clear miss,non_finnish_european,female,2006.0,1998_2006,finland,True,sabbatical / travel,Tampere University,Revontuli Satellite Systems,,0,False,0,9108.0,391.0
C120,Farid Okafor,B,Clear miss,non_european,male,2006.0,1998_2006,other_eu,True,career break for further study / retraining,KTH Royal Institute of Technology,Norlight Optics,,1,False,0,8845.0,380.0
C121,Stefan Bianchi,G,Nonlinear path,non_finnish_european,male,2021.0,2019_2024,non_eu,True,sabbatical / travel,Shanghai Jiao Tong University,Kaira Wireless,,5,True,0,2595.0,414.0
C122,Kari Salo,G,Nonlinear path,finnish,male,2018.0,2014_2018,finland,True,career break for further study / retraining,University of Helsinki,Kajanti Avionics,,5,True,4,9589.0,428.0
C123,Juha Rantanen,A,Clear fit,finnish,male,2024.0,2019_2024,non_eu,False,,MIT,Revontuli Satellite Systems,,5,True,1,8870.0,464.0
C124,Marika Nieminen,B,Clear miss,finnish,female,2020.0,2019_2024,non_eu,False,,Indian Institute of Technology Bombay,Kaira Wireless,,1,False,0,7382.0,337.0
C125,Paivi Kinnunen,B,Clear miss,finnish,female,1999.0,1998_2006,other_eu,True,caregiving leave,Politecnico di Milano,Kajanti Avionics,,1,False,1,3751.0,339.0
C126,Raj Silva,A,Clear fit,non_european,male,2016.0,2014_2018,finland,False,,Tampere University,Kaira Wireless,,5,True,0,5034.0,330.0
C127,Wei Chen,OFFROLE,Off-role applicant,non_european,male,2012.0,2007_2013,other_eu,False,,Chalmers University of Technology,,mechanical_engineering,0,False,0,6149.0,343.0
C128,Meera Adeyemi,E,Credential inflation,non_european,female,2008.0,2007_2013,other_eu,False,,ETH Zurich,Kajanti Avionics,,4,False,0,4686.0,326.0
C129,Riikka Turunen,B,Clear miss,finnish,female,2006.0,1998_2006,non_eu,False,,Shanghai Jiao Tong University,Meridian Defence Electronics,,1,False,1,4863.0,419.0
C130,Dimitri Muller,C,Near miss,non_finnish_european,male,2023.0,2019_2024,finland,False,,Tampere University,Vireo Sensor Systems,,4,False,2,7102.0,352.0
C131,Hannu Saarinen,B,Clear miss,finnish,male,2004.0,1998_2006,non_eu,True,redundancy followed by a slow requalification period,MIT,Norlight Optics,,0,False,1,1806.0,351.0
C132,Andrei Larsen,C,Near miss,non_finnish_european,male,2023.0,2019_2024,other_eu,False,,Chalmers University of Technology,Fenno Radar Technologies,,4,False,2,2504.0,391.0
C133,Tunde Tanaka,F,Hidden gem,non_european,male,2014.0,2014_2018,other_eu,False,,Politecnico di Milano,Nordkom Radar Systems,,5,True,0,8799.0,450.0
C134,Hiroshi Costa,B,Clear miss,non_european,male,2008.0,2007_2013,finland,False,,LUT University,Tuulikallio Embedded Systems,,0,False,0,3034.0,398.0
C135,Ravi Gupta,B,Clear miss,non_european,male,2019.0,2019_2024,non_eu,True,career break for further study / retraining,Indian Institute of Technology Bombay,Revontuli Satellite Systems,,1,False,1,6340.0,391.0
C136,Bartosz Popescu,G,Nonlinear path,non_finnish_european,male,2000.0,1998_2006,non_eu,True,redundancy followed by a slow requalification period,Indian Institute of Technology Bombay,Fenno Radar Technologies,,5,True,4,8981.0,420.0
C137,Hanna Lehtonen,OFFROLE,Off-role applicant,finnish,female,2002.0,1998_2006,other_eu,False,,KTH Royal Institute of Technology,,sales,0,False,0,6964.0,452.0
C138,Ahmed Abara,A,Clear fit,non_european,male,2010.0,2007_2013,non_eu,False,,University of Tokyo,Revontuli Satellite Systems,,5,True,0,5262.0,332.0
C139,Anna Makinen,G,Nonlinear path,finnish,female,2015.0,2014_2018,finland,True,extended illness recovery,Tampere University,Hallaharju Space Systems,,5,True,3,1601.0,460.0
C140,Ludvig Andersson,B,Clear miss,non_finnish_european,male,2018.0,2014_2018,non_eu,False,,MIT,Polaris RF Labs,,0,False,0,3148.0,336.0
C141,Petri Niemi,H,Genuine borderline,finnish,male,2014.0,2014_2018,other_eu,False,,Chalmers University of Technology,Norlight Optics,,5,False,0,8428.0,335.0
C142,Heikki Heinonen,E,Credential inflation,finnish,male,2006.0,1998_2006,other_eu,False,,Chalmers University of Technology,Fenno Radar Technologies,,4,False,0,8099.0,397.0
C143,Timo Salminen,C,Near miss,finnish,male,2011.0,2007_2013,other_eu,False,,RWTH Aachen University,Kajanti Avionics,,4,False,0,7108.0,421.0
C144,Noor Li,E,Credential inflation,non_european,female,1998.0,1998_2006,non_eu,False,,Indian Institute of Technology Bombay,Baltic Sensor Networks,,5,False,0,5357.0,371.0
C145,Priya Souza,B,Clear miss,non_european,female,2000.0,1998_2006,finland,False,,University of Oulu,Kaira Wireless,,2,False,1,6957.0,405.0
C146,Klaus Fischer,B,Clear miss,non_finnish_european,male,2017.0,2014_2018,other_eu,False,,ETH Zurich,Helios Photonics,,0,False,1,3170.0,477.0
C147,Esa Makela,B,Clear miss,finnish,male,2010.0,2007_2013,other_eu,False,,ETH Zurich,Fenno Radar Technologies,,1,False,0,9933.0,470.0
C148,Rahul Wang,D,Keyword stuffer,non_european,male,2013.0,2007_2013,finland,True,redundancy followed by a slow requalification period,LUT University,Baltic Sensor Networks,,0,False,0,4665.0,320.0
C149,Aisha Khan,C,Near miss,non_european,female,2004.0,1998_2006,non_eu,False,,Seoul National University,Boreal Photonics,,4,False,0,4290.0,418.0
C150,Heidi Lehtinen,G,Nonlinear path,finnish,female,2003.0,1998_2006,other_eu,True,extended illness recovery,KTH Royal Institute of Technology,Nordkom Radar Systems,,5,True,0,3395.0,417.0
C151,Minna Kinnunen,C,Near miss,finnish,female,2006.0,1998_2006,non_eu,False,,University of Toronto,Norlight Optics,,4,False,1,4911.0,464.0
C152,Freja Lindgren,B,Clear miss,non_finnish_european,female,2000.0,1998_2006,other_eu,False,,TU Delft,Revontuli Satellite Systems,,2,False,0,9152.0,433.0
C153,Kenji Sharma,B,Clear miss,non_european,male,2015.0,2014_2018,non_eu,True,sabbatical / travel,Seoul National University,Kaira Wireless,,2,False,0,5454.0,461.0
C154,Santiago Kim,B,Clear miss,non_european,male,2008.0,2007_2013,other_eu,False,,Chalmers University of Technology,Kaira Wireless,,2,False,1,1847.0,443.0
C155,Pierre Moreau,C,Near miss,non_finnish_european,male,2024.0,2019_2024,other_eu,False,,Politecnico di Milano,Boreal Photonics,,4,False,1,1155.0,386.0
C156,Olli Makinen,D,Keyword stuffer,finnish,male,2018.0,2014_2018,non_eu,False,,Indian Institute of Technology Bombay,Norlight Optics,,0,False,0,8184.0,423.0
C157,Elena Dubois,C,Near miss,non_finnish_european,female,1998.0,1998_2006,finland,False,,Tampere University,Aurinko Avionics,,4,False,0,9366.0,366.0
C158,Xinyi Patel,B,Clear miss,non_european,female,2008.0,2007_2013,finland,False,,LUT University,Kaira Wireless,,2,False,1,2844.0,467.0
C159,Kristina Horvath,B,Clear miss,non_finnish_european,female,2019.0,2019_2024,other_eu,False,,TU Delft,Norlight Optics,,0,False,0,2123.0,340.0
C160,Sami Jarvinen,OFFROLE,Off-role applicant,finnish,male,1999.0,1998_2006,finland,True,sabbatical / travel,University of Helsinki,,sales,0,False,0,9902.0,390.0
C161,Sanne Kovac,B,Clear miss,non_finnish_european,female,2013.0,2007_2013,finland,True,sabbatical / travel,Tampere University,Polaris RF Labs,,1,False,0,5546.0,451.0
C162,Leila Sharma,C,Near miss,non_european,female,2003.0,1998_2006,other_eu,False,,RWTH Aachen University,Nordkom Radar Systems,,4,False,3,9450.0,419.0
C163,Diego Souza,A,Clear fit,non_european,male,2010.0,2007_2013,other_eu,False,,KTH Royal Institute of Technology,Meridian Defence Electronics,,5,True,0,4373.0,396.0
C164,Tomi Korhonen,C,Near miss,finnish,male,2024.0,2019_2024,finland,False,,Tampere University,Polaris RF Labs,,4,False,2,8889.0,458.0
C165,Livia Berg,H,Genuine borderline,non_finnish_european,female,2005.0,1998_2006,non_eu,False,,University of Tokyo,Kaira Wireless,,5,False,0,1538.0,351.0
C166,Outi Salo,F,Hidden gem,finnish,female,2011.0,2007_2013,finland,False,,University of Helsinki,Kajanti Avionics,,5,True,1,1906.0,322.0
C167,Johanna Saarinen,G,Nonlinear path,finnish,female,2018.0,2014_2018,other_eu,True,caregiving leave,TU Delft,Meridian Defence Electronics,,5,True,2,9266.0,414.0
C168,Wei Patel,E,Credential inflation,non_european,male,2021.0,2019_2024,other_eu,True,parental leave,Politecnico di Milano,Polaris RF Labs,,5,False,3,5192.0,344.0
C169,Aleksandra Kallas,A,Clear fit,non_finnish_european,female,2012.0,2007_2013,other_eu,False,,ETH Zurich,Helios Photonics,,5,True,2,8940.0,334.0
C170,Amir Adeyemi,B,Clear miss,non_european,male,2016.0,2014_2018,non_eu,False,,Shanghai Jiao Tong University,Meridian Defence Electronics,,2,False,0,9209.0,344.0
C171,Xinyi Nwosu,F,Hidden gem,non_european,female,2012.0,2007_2013,finland,False,,University of Oulu,Baltic Sensor Networks,,5,True,0,9039.0,404.0
C172,Tiina Makela,H,Genuine borderline,finnish,female,2018.0,2014_2018,other_eu,False,,Politecnico di Milano,Kaira Wireless,,5,False,2,4895.0,382.0
C173,Katja Heinonen,B,Clear miss,finnish,female,2015.0,2014_2018,other_eu,True,caregiving leave,Chalmers University of Technology,Helios Photonics,,2,False,1,7520.0,400.0
C174,Sanna Lehtonen,C,Near miss,finnish,female,2016.0,2014_2018,finland,True,parental leave,University of Oulu,Aurinko Avionics,,4,False,1,3219.0,348.0
C175,Marja Nieminen,D,Keyword stuffer,finnish,female,2019.0,2019_2024,finland,False,,University of Oulu,Vireo Sensor Systems,,0,False,0,9521.0,408.0
C176,Laura Lehtinen,C,Near miss,finnish,female,2012.0,2007_2013,non_eu,False,,MIT,Vireo Sensor Systems,,4,False,2,4660.0,458.0
C177,Antti Laine,B,Clear miss,finnish,male,2006.0,1998_2006,non_eu,False,,MIT,Baltic Sensor Networks,,1,False,1,8336.0,325.0
C178,Satu Virtanen,G,Nonlinear path,finnish,female,2005.0,1998_2006,finland,True,extended illness recovery,University of Oulu,Vireo Sensor Systems,,5,True,1,3117.0,367.0
C179,Adaeze Silva,B,Clear miss,non_european,female,2014.0,2014_2018,finland,False,,Tampere University,Boreal Photonics,,0,False,0,2076.0,409.0
C180,Marco Novak,G,Nonlinear path,non_finnish_european,male,2011.0,2007_2013,non_eu,True,redundancy followed by a slow requalification period,University of Tokyo,Revontuli Satellite Systems,,5,True,0,8691.0,479.0
C181,Ngozi Costa,G,Nonlinear path,non_european,female,2012.0,2007_2013,finland,True,parental leave,University of Helsinki,Kaira Wireless,,5,True,0,6960.0,344.0
C182,Sana Fernandez,H,Genuine borderline,non_european,female,1999.0,1998_2006,non_eu,False,,Seoul National University,Vireo Sensor Systems,,5,False,2,9803.0,468.0
C183,Kirsi Heikkinen,B,Clear miss,finnish,female,2005.0,1998_2006,finland,False,,University of Helsinki,Revontuli Satellite Systems,,0,False,1,5178.0,463.0
C184,Heidi Rantanen,B,Clear miss,finnish,female,2018.0,2014_2018,finland,True,career break for further study / retraining,LUT University,Aurinko Avionics,,1,False,0,4013.0,337.0
C185,Nils Kovac,F,Hidden gem,non_finnish_european,male,2015.0,2014_2018,finland,False,,Tampere University,Nordkom Radar Systems,,5,True,1,6980.0,337.0
C186,Fatima Kim,B,Clear miss,non_european,female,2016.0,2014_2018,other_eu,False,,RWTH Aachen University,Fenno Radar Technologies,,1,False,0,2977.0,391.0
C187,Giovanni Lindgren,B,Clear miss,non_finnish_european,male,2006.0,1998_2006,finland,False,,Aalto University,Fenno Radar Technologies,,2,False,0,1742.0,381.0
C188,Jussi Nieminen,OFFROLE,Off-role applicant,finnish,male,2022.0,2019_2024,non_eu,False,,Indian Institute of Technology Bombay,,web_development,0,False,0,6206.0,465.0
C189,Rahul Tanaka,D,Keyword stuffer,non_european,male,2015.0,2014_2018,other_eu,False,,Politecnico di Milano,Vireo Sensor Systems,,0,False,0,8910.0,380.0
C190,Jan Popescu,A,Clear fit,non_finnish_european,male,2019.0,2019_2024,finland,False,,Aalto University,Polaris RF Labs,,5,True,0,2427.0,420.0
C191,Paivi Salminen,A,Clear fit,finnish,female,2013.0,2007_2013,finland,False,,University of Oulu,Fenno Radar Technologies,,5,True,1,9126.0,341.0
C192,Aleksi Makela,B,Clear miss,finnish,male,2012.0,2007_2013,non_eu,True,parental leave,Indian Institute of Technology Bombay,Meridian Defence Electronics,,2,False,1,1520.0,424.0
C193,Kirsi Turunen,B,Clear miss,finnish,female,2009.0,2007_2013,other_eu,False,,RWTH Aachen University,Helios Photonics,,0,False,0,3249.0,405.0
C194,Sanna Niemi,B,Clear miss,finnish,female,2014.0,2014_2018,other_eu,False,,TU Delft,Meridian Defence Electronics,,1,False,0,2177.0,370.0
C195,Anja Jensen,C,Near miss,non_finnish_european,female,2007.0,2007_2013,other_eu,False,,TU Delft,Revontuli Satellite Systems,,4,False,1,4031.0,402.0
C196,Marta Moreau,B,Clear miss,non_finnish_european,female,2020.0,2019_2024,other_eu,True,career break for further study / retraining,ETH Zurich,Meridian Defence Electronics,,0,False,0,2800.0,338.0
C197,Pekka Turunen,B,Clear miss,finnish,male,2022.0,2019_2024,other_eu,False,,RWTH Aachen University,Tuulikallio Embedded Systems,,2,False,1,5023.0,452.0
C198,Mikko Laine,D,Keyword stuffer,finnish,male,2019.0,2019_2024,finland,True,career break for further study / retraining,University of Oulu,Aurinko Avionics,,0,False,0,3396.0,476.0
C199,Kenji Okafor,B,Clear miss,non_european,male,2011.0,2007_2013,non_eu,False,,Indian Institute of Technology Bombay,Hallaharju Space Systems,,2,False,0,2768.0,382.0
C200,Rosa Li,B,Clear miss,non_european,female,2005.0,1998_2006,finland,True,career break for further study / retraining,University of Oulu,Polaris RF Labs,,2,False,1,1910.0,392.0
C201,Sven Kowalski,E,Credential inflation,non_finnish_european,male,2010.0,2007_2013,finland,True,redundancy followed by a slow requalification period,University of Oulu,Kaira Wireless,,5,False,1,7914.0,390.0
C202,Kaisa Makela,B,Clear miss,finnish,female,2009.0,2007_2013,non_eu,False,,Seoul National University,Aurinko Avionics,,0,False,0,5592.0,358.0
C203,Meera Hassan,H,Genuine borderline,non_european,female,2020.0,2019_2024,other_eu,False,,TU Delft,Baltic Sensor Networks,,5,False,3,2412.0,342.0
C204,Lukas Kallas,OFFROLE,Off-role applicant,non_finnish_european,male,2017.0,2014_2018,other_eu,False,,KTH Royal Institute of Technology,,teaching,0,False,0,8250.0,321.0
C205,Farid Khan,D,Keyword stuffer,non_european,male,2007.0,2007_2013,other_eu,False,,Politecnico di Milano,Boreal Photonics,,0,False,0,4224.0,329.0
C206,Marie Muller,B,Clear miss,non_finnish_european,female,2022.0,2019_2024,finland,False,,Aalto University,Revontuli Satellite Systems,,1,False,1,4709.0,474.0
C207,Yuki Wang,F,Hidden gem,non_european,female,2000.0,1998_2006,other_eu,False,,Chalmers University of Technology,Meridian Defence Electronics,,5,True,1,6548.0,359.0
C208,Riikka Heikkinen,B,Clear miss,finnish,female,2014.0,2014_2018,non_eu,False,,Indian Institute of Technology Bombay,Norlight Optics,,1,False,1,4004.0,439.0
C209,Zofia Berg,C,Near miss,non_finnish_european,female,2024.0,2019_2024,non_eu,False,,Shanghai Jiao Tong University,Norlight Optics,,4,False,0,1346.0,327.0
C210,Jukka Lehtinen,E,Credential inflation,finnish,male,2017.0,2014_2018,finland,False,,University of Oulu,Vireo Sensor Systems,,5,False,1,5720.0,388.0
C211,Jari Rantanen,C,Near miss,finnish,male,2015.0,2014_2018,other_eu,True,extended illness recovery,ETH Zurich,Boreal Photonics,,4,False,2,3212.0,468.0
C212,Karel Rossi,C,Near miss,non_finnish_european,male,2015.0,2014_2018,finland,True,parental leave,Tampere University,Fenno Radar Technologies,,4,False,2,3420.0,372.0
C213,Henrik Nowak,F,Hidden gem,non_finnish_european,male,2018.0,2014_2018,finland,False,,Aalto University,Kaira Wireless,,5,True,3,2377.0,429.0
C214,Feng Reddy,OFFROLE,Off-role applicant,non_european,male,2012.0,2007_2013,other_eu,False,,RWTH Aachen University,,mechanical_engineering,0,False,0,1396.0,376.0
C215,Ling Abara,B,Clear miss,non_european,female,1999.0,1998_2006,finland,False,,University of Oulu,Norlight Optics,,0,False,0,5267.0,335.0
C216,Greta Larsen,C,Near miss,non_finnish_european,female,2019.0,2019_2024,other_eu,True,redundancy followed by a slow requalification period,TU Delft,Fenno Radar Technologies,,4,False,2,8083.0,391.0
C217,Valentina Chen,C,Near miss,non_european,female,1999.0,1998_2006,finland,True,caregiving leave,Tampere University,Hallaharju Space Systems,,4,False,3,5004.0,397.0
C218,Isabel Popescu,D,Keyword stuffer,non_finnish_european,female,2015.0,2014_2018,non_eu,True,career break for further study / retraining,University of Tokyo,Norlight Optics,,0,False,1,5289.0,416.0
C219,Hannu Lehtonen,H,Genuine borderline,finnish,male,2024.0,2019_2024,finland,False,,Aalto University,Fenno Radar Technologies,,5,False,0,3587.0,386.0
C220,Pawel Petrov,B,Clear miss,non_finnish_european,male,2020.0,2019_2024,finland,False,,Aalto University,Fenno Radar Technologies,,0,False,0,6833.0,417.0
C221,Anneke Schneider,B,Clear miss,non_finnish_european,female,2015.0,2014_2018,finland,False,,University of Helsinki,Revontuli Satellite Systems,,0,False,0,4551.0,438.0
C222,Matti Niemi,B,Clear miss,finnish,male,2007.0,2007_2013,non_eu,False,,Indian Institute of Technology Bombay,Polaris RF Labs,,1,False,0,8236.0,369.0
C223,Anne Salminen,C,Near miss,finnish,female,2010.0,2007_2013,other_eu,True,career break for further study / retraining,TU Delft,Boreal Photonics,,4,False,0,2234.0,383.0
C224,Jian Gupta,C,Near miss,non_european,male,2023.0,2019_2024,finland,False,,University of Oulu,Fenno Radar Technologies,,4,False,0,6459.0,417.0
C225,Jari Hamalainen,F,Hidden gem,finnish,male,2004.0,1998_2006,other_eu,False,,TU Delft,Norlight Optics,,5,True,0,8882.0,406.0
C226,Mikko Lehtonen,B,Clear miss,finnish,male,2010.0,2007_2013,other_eu,False,,RWTH Aachen University,Kaira Wireless,,2,False,1,3016.0,426.0
C227,Omar Rahman,D,Keyword stuffer,non_european,male,2018.0,2014_2018,finland,False,,University of Helsinki,Tuulikallio Embedded Systems,,0,False,1,8294.0,396.0
C228,Marja Makinen,D,Keyword stuffer,finnish,female,2015.0,2014_2018,non_eu,False,,University of Toronto,Norlight Optics,,0,False,0,8267.0,409.0
C229,Antti Kinnunen,A,Clear fit,finnish,male,2021.0,2019_2024,other_eu,False,,ETH Zurich,Revontuli Satellite Systems,,5,True,0,9993.0,457.0
C230,Juha Nieminen,F,Hidden gem,finnish,male,2011.0,2007_2013,non_eu,False,,University of Toronto,Vireo Sensor Systems,,5,True,1,9554.0,421.0
C231,Ingrid Andersson,A,Clear fit,non_finnish_european,female,2017.0,2014_2018,other_eu,False,,RWTH Aachen University,Hallaharju Space Systems,,5,True,0,3599.0,449.0
C232,Marko Turunen,E,Credential inflation,finnish,male,2011.0,2007_2013,non_eu,False,,MIT,Helios Photonics,,5,False,2,5005.0,332.0
C233,Camille Fischer,D,Keyword stuffer,non_finnish_european,female,2007.0,2007_2013,non_eu,True,extended illness recovery,Indian Institute of Technology Bombay,Norlight Optics,,0,False,0,1542.0,469.0
C234,Marika Heinonen,D,Keyword stuffer,finnish,female,1998.0,1998_2006,non_eu,True,redundancy followed by a slow requalification period,MIT,Boreal Photonics,,0,False,0,5591.0,349.0
C235,Aleksi Korhonen,D,Keyword stuffer,finnish,male,2012.0,2007_2013,non_eu,False,,MIT,Fenno Radar Technologies,,0,False,0,8581.0,429.0
C236,Rasmus Bianchi,D,Keyword stuffer,non_finnish_european,male,1999.0,1998_2006,other_eu,False,,RWTH Aachen University,Boreal Photonics,,0,False,1,2947.0,430.0
C237,Heikki Jarvinen,B,Clear miss,finnish,male,2024.0,2019_2024,other_eu,False,,Politecnico di Milano,Helios Photonics,,0,False,0,3028.0,326.0
C238,Anna Koskinen,B,Clear miss,finnish,female,2008.0,2007_2013,finland,False,,University of Oulu,Vireo Sensor Systems,,1,False,0,3878.0,365.0
C239,Outi Virtanen,E,Credential inflation,finnish,female,2020.0,2019_2024,non_eu,False,,Shanghai Jiao Tong University,Fenno Radar Technologies,,4,False,1,7617.0,338.0
C240,Matteo Horvath,H,Genuine borderline,non_finnish_european,male,2013.0,2007_2013,finland,False,,Aalto University,Polaris RF Labs,,5,False,3,3338.0,456.0
