candidate_id,must_have_evidence_found,must_have_claim_only,must_have_contradiction,must_have_not_stated,desirable_evidence_found,constraint_evidence_found,flags,asks
C001,5,0,0,0,1,2,0,0
C002,0,0,0,5,0,1,0,5
C003,4,0,0,1,2,3,0,1
C004,2,0,0,3,0,3,0,3
C005,1,0,0,4,0,3,0,4
C006,1,0,0,4,0,1,0,4
C007,4,0,0,1,1,1,0,1
C008,3,0,0,2,0,1,0,2
C009,5,0,0,0,3,2,0,0
C010,2,0,0,3,0,1,0,3
C011,5,0,0,0,1,1,0,0
C012,5,0,0,0,2,2,0,0
C013,1,0,0,4,0,3,0,4
C014,1,0,0,4,0,3,0,4
C015,5,0,0,0,1,3,0,0
C016,1,0,0,4,1,3,0,4
C017,1,0,0,4,0,2,0,4
C018,0,0,0,5,0,1,0,5
C019,5,0,0,0,2,3,0,0
C020,5,0,0,0,1,3,1,0
C021,5,0,0,0,1,1,0,0
C022,5,0,0,0,0,1,1,0
C023,1,0,0,4,0,3,0,4
C024,0,0,0,5,0,1,0,5
C025,5,0,0,0,1,3,0,0
C026,5,0,0,0,1,2,0,0
C027,4,0,0,1,2,3,0,1
C028,1,4,0,0,0,3,0,0
C029,5,0,0,0,2,3,0,0
C030,4,0,0,1,0,3,0,1
C031,3,0,0,2,0,3,0,2
C032,1,0,0,4,0,2,0,4
C033,5,0,0,0,1,3,0,0
C034,3,0,0,2,0,2,0,2
C035,1,0,0,4,0,0,0,4
C036,4,0,1,0,3,1,1,0
C037,2,0,0,3,0,3,0,3
C038,1,0,0,4,0,3,0,4
C039,5,0,0,0,0,3,1,0
C040,1,0,0,4,1,2,0,4
C041,2,0,0,3,0,2,0,3
C042,5,0,0,0,4,3,0,0
C043,5,0,0,0,1,2,0,0
C044,5,0,0,0,1,1,0,0
C045,3,0,0,2,0,1,0,2
C046,4,0,1,0,3,2,1,0
C047,1,4,0,0,0,3,0,0
C048,4,0,0,1,1,2,0,1
C049,2,0,0,3,0,3,0,3
C050,0,4,0,1,0,3,0,1
C051,1,0,0,4,0,3,0,4
C052,3,0,0,2,0,3,0,2
C053,1,0,0,4,1,3,0,4
C054,5,0,0,0,2,3,0,0
C055,4,0,0,1,2,3,0,1
C056,4,0,0,1,2,3,0,1
C057,0,0,0,5,0,0,0,5
C058,1,0,0,4,0,3,0,4
C059,4,0,0,1,1,3,0,1
C060,0,5,0,0,0,3,0,0
C061,3,0,0,2,0,3,0,2
C062,2,0,0,3,0,3,0,3
C063,4,0,0,1,1,2,0,1
C064,4,0,0,1,2,3,0,1
C065,5,0,0,0,2,3,0,0
C066,5,0,0,0,2,3,0,0
C067,5,0,0,0,1,3,0,0
C068,1,4,0,0,0,3,0,0
C069,1,4,0,0,0,3,0,0
C070,2,0,0,3,0,3,0,3
C071,3,0,0,2,0,2,0,2
C072,2,0,0,3,0,2,0,3
C073,2,0,0,3,0,2,0,3
C074,2,0,0,3,1,3,0,3
C075,5,0,0,0,1,3,0,0
C076,5,0,0,0,1,3,1,0
C077,2,0,0,3,0,3,0,3
C078,5,0,0,0,2,3,1,0
C079,3,0,1,1,1,2,1,1
C080,5,0,0,0,1,2,0,0
C081,2,0,0,3,0,1,0,3
C082,3,0,0,2,0,1,0,2
C083,1,0,0,4,0,2,0,4
C084,5,0,0,0,0,3,0,0
C085,5,0,0,0,1,1,0,0
C086,2,0,0,3,0,3,0,3
C087,0,5,0,0,0,2,0,0
C088,2,0,0,3,0,3,0,3
C089,5,0,0,0,2,3,0,0
C090,4,1,0,0,2,3,0,0
C091,4,0,0,1,2,3,0,1
C092,2,0,0,3,0,3,0,3
C093,1,0,0,4,0,1,0,4
C094,5,0,0,0,1,1,0,0
C095,4,0,0,1,2,3,0,1
C096,5,0,0,0,1,3,0,0
C097,1,0,0,4,0,2,0,4
C098,5,0,0,0,1,2,0,0
C099,2,0,0,3,0,1,0,3
C100,5,0,0,0,1,1,0,0
C101,2,0,0,3,0,3,0,3
C102,5,0,0,0,1,1,0,0
C103,4,0,0,1,1,1,0,1
C104,4,0,1,0,1,3,1,0
C105,4,0,1,0,1,3,1,0
C106,5,0,0,0,1,3,0,0
C107,5,0,0,0,1,2,0,0
C108,3,0,0,2,0,3,0,2
C109,1,0,0,4,0,3,0,3
C110,1,4,0,0,0,3,0,0
C111,4,0,0,1,0,3,0,1
C112,3,0,0,2,0,3,0,2
C113,5,0,0,0,0,2,0,0
C114,1,0,1,3,0,3,1,3
C115,5,0,0,0,2,2,0,0
C116,1,4,0,0,0,2,0,0
C117,2,0,0,3,0,2,0,3
C118,2,0,0,3,0,3,0,3
C119,1,0,0,4,0,3,0,4
C120,1,0,0,4,0,3,0,4
C121,5,0,0,0,2,3,0,0
C122,5,0,0,0,1,3,0,0
C123,5,0,0,0,4,3,0,0
C124,2,0,0,3,0,2,0,3
C125,2,0,0,3,0,1,0,3
C126,5,0,0,0,1,1,0,0
C127,1,0,0,4,0,0,0,4
C128,4,0,1,0,0,3,1,0
C129,2,0,0,3,0,2,0,3
C130,5,0,0,0,2,2,0,0
C131,1,0,0,4,0,3,0,4
C132,4,0,0,1,2,3,0,1
C133,5,0,0,0,1,3,0,0
C134,1,0,0,4,1,3,0,4
C135,1,0,0,4,0,3,0,4
C136,5,0,0,0,2,3,0,0
C137,0,0,0,5,0,1,0,5
C138,5,0,0,0,1,1,0,0
C139,5,0,0,0,2,3,0,0
C140,0,0,0,5,0,2,0,5
C141,5,0,0,0,1,2,0,0
C142,4,0,1,0,1,3,1,0
C143,4,0,0,1,1,3,0,1
C144,5,0,0,0,1,2,1,0
C145,3,0,0,2,0,3,0,2
C146,1,0,0,4,0,3,0,4
C147,2,0,0,3,0,3,0,3
C148,0,5,0,0,0,3,0,0
C149,4,0,0,1,1,3,0,1
C150,5,0,0,0,0,2,0,0
C151,5,0,0,0,1,3,0,0
C152,3,0,0,2,0,2,0,2
C153,2,0,0,3,0,1,0,3
C154,3,0,0,2,0,2,0,2
C155,4,0,0,1,2,3,0,1
C156,1,4,0,0,0,3,0,0
C157,4,0,0,1,1,3,0,1
C158,2,0,0,3,0,3,0,3
C159,1,0,0,4,0,3,0,4
C160,0,0,0,5,0,1,0,5
C161,2,0,0,3,0,2,0,3
C162,4,0,0,1,1,1,0,1
C163,5,0,0,0,1,1,0,0
C164,4,0,0,1,2,2,0,1
C165,5,0,0,0,0,3,0,0
C166,5,0,0,0,1,2,0,0
C167,5,0,0,0,0,3,0,0
C168,5,0,0,0,1,2,1,0
C169,5,0,0,0,1,3,0,0
C170,3,0,0,2,0,3,0,2
C171,4,1,0,0,2,2,0,0
C172,5,0,0,0,2,3,0,0
C173,2,0,0,3,1,3,0,3
C174,4,0,0,1,2,3,0,1
C175,1,4,0,0,0,1,0,0
C176,4,0,0,1,2,2,0,1
C177,2,0,0,3,0,3,0,3
C178,4,1,0,0,1,3,0,0
C179,1,0,0,4,0,3,0,4
C180,5,0,0,0,1,3,0,0
C181,5,0,0,0,1,1,0,0
C182,5,0,0,0,2,3,0,0
C183,1,0,0,4,0,3,0,4
C184,2,0,0,3,1,3,0,3
C185,4,0,0,1,1,3,0,1
C186,2,0,0,3,1,3,0,3
C187,2,1,0,2,0,3,0,2
C188,1,0,0,4,0,2,0,4
C189,1,4,0,0,0,3,0,0
C190,5,0,0,0,1,2,0,0
C191,4,1,0,0,3,2,0,0
C192,2,0,0,3,0,3,0,3
C193,1,0,0,4,0,3,0,4
C194,2,0,0,3,0,3,0,3
C195,5,0,0,0,0,3,0,0
C196,0,0,0,5,0,2,1,5
C197,2,0,1,2,0,2,1,2
C198,0,5,0,0,0,1,1,0
C199,3,0,0,2,0,2,0,2
C200,2,0,0,3,0,2,0,3
C201,5,0,0,0,1,3,1,0
C202,1,0,0,4,1,3,0,4
C203,5,0,0,0,1,3,0,0
C204,1,0,0,4,0,1,0,4
C205,1,4,0,0,0,2,0,0
C206,2,0,0,3,0,1,0,3
C207,4,0,0,1,1,1,0,1
C208,1,0,0,4,0,2,0,4
C209,4,0,0,1,0,3,0,1
C210,5,0,0,0,1,2,1,0
C211,5,0,0,0,1,2,0,0
C212,4,0,0,1,2,3,0,1
C213,4,0,0,1,2,3,0,1
C214,1,0,0,4,0,2,0,4
C215,1,0,0,4,1,3,0,4
C216,4,0,0,1,2,3,0,1
C217,4,0,0,1,2,3,0,1
C218,0,4,0,1,0,3,0,1
C219,5,0,0,0,1,1,0,0
C220,0,0,0,5,0,1,0,5
C221,0,0,0,5,0,2,0,5
C222,1,0,0,4,0,3,0,4
C223,4,0,0,1,1,3,0,1
C224,4,0,0,1,1,3,0,1
C225,4,0,0,1,1,2,0,1
C226,3,0,0,2,0,3,0,2
C227,1,4,0,0,0,3,0,0
C228,1,4,0,0,0,3,0,0
C229,5,0,0,0,1,3,0,0
C230,5,0,0,0,0,3,0,0
C231,5,0,0,0,0,2,0,0
C232,4,0,1,0,0,3,2,0
C233,3,2,0,0,0,1,0,0
C234,2,2,1,0,0,2,1,0
C235,1,4,0,0,0,2,1,0
C236,2,2,1,0,0,3,1,0
C237,1,0,0,4,0,3,0,4
C238,2,0,0,3,0,3,0,3
C239,4,0,1,0,0,2,1,0
C240,5,0,0,0,1,3,0,0
