candidate_id,R01_hit,R02_hit,R03_hit,R04_hit,R05_hit,R06_hit,R07_hit,R08_hit,R09_hit,R10_hit,R11_hit,R12_hit,total_score,rank
C228,1,1,1,1,1,1,1,1,1,1,1,1,26,1
C028,1,1,1,1,1,1,1,1,1,1,0,1,25,2
C069,1,1,1,1,1,1,1,1,1,1,0,1,25,3
C080,1,1,1,1,1,1,1,1,1,1,0,1,25,4
C205,1,1,1,1,1,1,1,1,1,1,0,1,25,5
C227,1,1,1,1,1,1,1,1,1,1,0,1,25,6
C236,1,1,1,1,1,1,1,1,1,1,0,1,25,7
C042,1,1,1,1,1,1,1,1,1,0,0,1,24,8
C087,1,1,1,1,1,1,1,1,1,0,0,1,24,9
C198,1,1,1,1,1,1,1,1,1,0,0,1,24,10
C240,1,1,1,1,1,1,1,1,1,0,0,1,24,11
C050,1,1,1,1,1,1,1,0,1,1,0,1,23,12
C060,1,1,1,1,1,1,1,0,1,1,0,1,23,13
C078,1,1,1,1,1,1,1,1,0,1,0,1,23,14
C121,1,1,1,1,1,1,1,0,1,1,0,1,23,15
C123,1,1,1,1,1,1,1,0,1,1,0,1,23,16
C132,1,1,1,1,1,1,1,0,1,1,0,1,23,17
C168,1,1,1,1,1,0,1,1,1,1,0,1,23,18
C169,1,1,1,1,1,1,1,0,1,1,0,1,23,19
C203,1,1,1,1,1,1,1,1,0,1,0,1,23,20
C009,1,1,1,1,1,0,1,1,1,0,0,1,22,21
C036,1,1,1,1,1,1,1,1,0,1,0,0,22,22
C046,1,1,1,1,1,0,1,1,1,0,0,1,22,23
C054,1,1,1,1,1,1,1,0,1,0,0,1,22,24
C068,1,1,1,1,1,1,1,0,1,0,0,1,22,25
C089,1,1,1,1,1,1,1,1,0,0,0,1,22,26
C091,1,1,0,1,1,1,1,1,1,1,0,1,22,27
C122,1,1,1,1,1,1,1,1,0,0,0,1,22,28
C139,1,1,1,1,1,1,0,1,1,0,0,1,22,29
C233,1,1,1,1,1,1,0,1,1,0,0,1,22,30
C015,1,1,1,1,1,0,1,0,1,1,0,1,21,31
C064,1,1,1,1,1,0,1,0,1,1,0,1,21,32
C065,1,1,1,1,1,1,1,0,0,1,0,1,21,33
C066,1,1,1,1,1,1,0,0,1,1,0,1,21,34
C116,1,1,1,1,1,1,0,0,1,1,0,1,21,35
C136,1,1,1,1,1,1,0,1,0,1,0,1,21,36
C141,1,1,1,1,1,1,1,0,0,1,0,1,21,37
C148,1,1,1,1,1,0,1,1,0,1,0,1,21,38
C172,1,1,1,1,1,1,0,0,1,1,0,1,21,39
C189,1,1,1,1,1,1,1,0,0,1,0,1,21,40
C190,1,1,1,1,1,1,0,0,1,1,0,1,21,41
C216,1,1,0,1,1,1,1,1,1,0,0,1,21,42
C218,1,1,1,1,1,0,1,1,0,1,0,1,21,43
C234,1,1,1,1,1,1,0,0,1,1,0,1,21,44
C235,1,1,1,1,1,1,1,1,0,0,0,0,21,45
C001,1,1,1,1,1,0,1,0,1,0,0,1,20,46
C003,1,1,1,0,1,1,1,0,1,1,0,1,20,47
C012,1,1,1,1,1,1,1,0,0,0,0,1,20,48
C020,1,1,1,1,1,0,1,0,1,0,0,1,20,49
C043,1,1,1,1,1,1,1,0,0,0,0,1,20,50
C044,1,1,1,1,1,0,1,0,1,0,0,1,20,51
C076,1,1,1,1,1,1,1,0,0,0,0,1,20,52
C090,1,1,1,1,1,0,1,0,1,0,0,1,20,53
C098,1,1,1,1,1,0,1,0,1,0,0,1,20,54
C107,1,1,1,1,1,0,0,1,1,0,0,1,20,55
C128,1,1,1,1,1,0,1,0,0,1,1,1,20,56
C133,1,1,1,1,1,0,1,0,1,0,0,1,20,57
C144,1,1,1,1,1,0,0,1,1,0,0,1,20,58
C178,1,1,1,1,1,1,1,0,0,0,0,1,20,59
C210,1,1,1,1,1,1,1,0,0,0,0,1,20,60
C021,1,1,1,1,1,0,0,0,1,1,0,1,19,61
C033,1,1,1,1,1,0,0,0,1,1,0,1,19,62
C047,1,1,1,1,0,1,1,0,1,0,0,1,19,63
C056,1,1,1,1,1,0,1,0,0,1,0,1,19,64
C084,1,1,1,1,1,0,1,0,0,1,0,1,19,65
C095,1,1,0,1,1,1,0,1,1,0,0,1,19,66
C096,1,1,1,1,1,0,1,0,0,1,0,1,19,67
C102,1,1,1,1,1,0,0,0,1,1,0,1,19,68
C104,1,1,1,1,1,0,1,0,0,1,0,1,19,69
C105,1,1,1,1,1,1,0,0,0,1,0,1,19,70
C110,1,1,1,1,1,1,0,0,0,1,0,1,19,71
C130,1,1,1,1,1,1,0,0,0,0,1,1,19,72
C138,1,1,1,1,1,0,1,1,0,0,0,0,19,73
C142,1,1,1,1,1,1,0,0,0,1,0,1,19,74
C151,1,1,1,1,1,0,0,0,1,1,0,1,19,75
C156,1,1,1,1,0,0,1,1,1,0,0,1,19,76
C180,1,1,1,1,1,0,1,0,0,1,0,1,19,77
C195,1,1,1,1,1,0,1,0,0,1,0,1,19,78
C224,1,1,1,1,1,0,1,0,0,1,0,1,19,79
C229,1,1,1,1,1,0,1,0,0,1,0,1,19,80
C232,1,1,1,1,1,0,0,0,1,1,0,1,19,81
C019,1,1,1,1,1,0,1,0,0,0,0,1,18,82
C025,1,1,1,1,1,0,1,0,0,0,0,1,18,83
C026,1,1,1,1,1,0,0,0,1,0,0,1,18,84
C039,1,1,1,0,1,1,0,1,0,1,0,1,18,85
C048,1,1,1,1,1,1,0,0,0,0,0,1,18,86
C063,1,1,0,1,1,0,0,1,1,1,0,1,18,87
C067,1,1,1,1,1,0,0,1,0,0,0,1,18,88
C085,1,1,1,1,1,1,0,0,0,0,0,1,18,89
C100,1,1,1,1,0,1,1,0,1,0,0,0,18,90
C106,1,1,1,1,1,0,1,0,0,0,0,1,18,91
C115,1,1,1,1,1,0,0,0,1,0,0,1,18,92
C149,1,0,1,1,1,1,1,0,0,1,0,1,18,93
C155,1,1,1,0,1,1,1,0,0,1,0,1,18,94
C157,1,1,1,0,1,1,0,1,0,1,0,1,18,95
C166,1,1,0,1,1,1,0,1,0,1,0,1,18,96
C171,1,1,1,1,1,0,0,0,1,0,0,1,18,97
C175,1,1,1,1,1,0,1,0,0,0,0,1,18,98
C181,1,1,1,1,1,0,0,0,1,0,0,1,18,99
C182,1,1,1,1,1,0,1,0,0,0,0,1,18,100
C191,1,1,1,1,1,0,1,0,0,0,0,1,18,101
C201,1,1,1,1,1,0,1,0,0,0,0,1,18,102
C211,1,1,1,1,1,1,0,0,0,0,0,1,18,103
C225,1,1,1,1,1,0,0,0,1,0,0,1,18,104
C230,1,1,1,1,1,1,0,0,0,0,0,1,18,105
C011,1,1,1,1,1,1,0,0,0,0,0,0,17,106
C027,1,1,0,1,1,0,1,0,1,0,0,1,17,107
C029,1,1,1,1,0,1,0,0,1,0,0,1,17,108
C079,1,1,1,0,1,1,0,0,1,0,0,1,17,109
C162,1,1,1,0,1,0,0,1,1,0,0,1,17,110
C163,1,1,1,1,1,0,1,0,0,0,0,0,17,111
C164,1,1,1,0,1,0,1,0,1,0,0,1,17,112
C167,1,1,1,1,1,0,0,0,0,1,0,1,17,113
C176,1,1,0,1,1,1,0,1,0,0,0,1,17,114
C219,1,1,1,1,1,0,1,0,0,0,0,0,17,115
C223,0,1,1,1,1,1,0,1,0,0,0,1,17,116
C007,1,1,1,0,1,0,0,0,1,1,0,1,16,117
C055,0,1,1,1,1,1,0,0,0,1,0,1,16,118
C075,1,1,1,1,1,0,0,0,0,0,0,1,16,119
C094,1,0,1,1,1,0,1,1,0,0,0,0,16,120
C113,1,1,1,1,1,0,0,0,0,0,0,1,16,121
C143,1,1,0,1,1,0,1,0,0,1,0,1,16,122
C150,1,1,1,1,1,0,0,0,0,0,0,1,16,123
C165,1,1,1,1,1,0,0,0,0,0,0,1,16,124
C174,1,1,0,1,1,0,1,0,0,1,0,1,16,125
C207,0,1,1,1,1,0,1,1,0,0,0,0,16,126
C231,1,1,1,1,1,0,0,0,0,0,0,1,16,127
C239,1,1,1,1,1,0,0,0,0,0,0,1,16,128
C022,1,0,1,1,1,0,1,0,0,0,0,1,15,129
C030,1,1,1,0,1,0,1,0,0,0,0,1,15,130
C037,1,0,1,0,1,0,1,1,0,1,0,1,15,131
C059,1,1,1,0,1,0,1,0,0,0,0,1,15,132
C103,1,1,1,0,1,0,1,0,0,0,0,1,15,133
C111,1,1,1,0,1,0,1,0,0,0,0,1,15,134
C192,1,0,1,0,1,0,1,1,0,1,0,1,15,135
C212,1,0,1,0,1,1,1,0,0,1,0,1,15,136
C217,0,1,1,1,1,1,0,0,0,0,0,1,15,137
C008,1,0,1,1,1,0,1,0,0,0,0,0,14,138
C034,0,1,1,0,1,0,1,1,0,0,0,1,14,139
C045,1,0,1,1,1,0,1,0,0,0,0,0,14,140
C126,1,1,1,0,1,0,1,0,0,0,0,0,14,141
C152,0,1,1,0,1,0,1,1,0,0,0,1,14,142
C185,1,1,1,0,1,0,0,0,0,1,0,1,14,143
C213,1,1,0,0,1,1,0,0,1,0,0,1,14,144
C052,0,1,1,0,1,0,0,0,1,1,0,1,13,145
C072,1,0,0,1,1,1,0,0,0,1,0,1,13,146
C092,1,1,0,0,1,0,0,1,0,1,0,1,13,147
C108,0,1,0,1,1,0,1,0,0,1,0,1,13,148
C170,0,1,1,0,1,0,0,0,1,1,0,1,13,149
C187,0,1,1,0,1,1,0,0,0,1,0,1,13,150
C208,0,1,0,1,1,0,0,1,0,1,0,1,13,151
C209,1,1,0,1,1,0,0,0,0,0,0,1,13,152
C016,0,1,0,0,1,0,1,0,1,1,0,1,12,153
C035,0,1,1,0,1,0,0,0,1,0,0,1,12,154
C071,0,1,1,0,1,0,0,1,0,0,0,1,12,155
C153,0,0,0,1,1,1,0,0,1,0,1,1,12,156
C154,1,0,0,1,1,0,1,0,0,1,0,0,12,157
C199,0,1,1,0,1,0,0,0,1,0,0,1,12,158
C041,1,0,0,0,1,1,1,0,0,0,0,1,11,159
C082,0,0,1,1,1,0,1,0,0,0,0,0,11,160
C112,1,1,0,0,1,0,0,0,0,1,0,1,11,161
C117,1,1,0,0,1,0,1,0,0,0,0,0,11,162
C145,0,1,0,1,1,0,0,0,0,1,0,1,11,163
C173,1,1,0,0,1,0,0,0,0,1,0,1,11,164
C040,0,1,0,0,1,0,1,0,0,1,0,1,10,165
C049,1,1,0,0,1,0,0,0,0,0,0,1,10,166
C061,1,0,0,0,1,1,0,0,0,1,0,1,10,167
C070,1,0,0,0,1,0,0,0,1,1,0,1,10,168
C073,1,0,0,0,1,0,1,0,0,1,0,1,10,169
C074,0,0,1,0,1,0,1,0,0,1,0,1,10,170
C088,0,0,0,1,1,0,1,0,0,1,0,1,10,171
C099,0,1,0,0,1,1,0,0,0,1,0,1,10,172
C101,0,0,1,0,1,0,1,0,0,1,0,1,10,173
C114,1,1,0,0,1,0,0,0,0,0,0,1,10,174
C118,0,0,1,0,1,0,1,0,0,1,0,1,10,175
C134,0,1,0,0,1,0,0,0,1,1,0,1,10,176
C146,0,1,0,0,1,1,0,0,0,1,0,1,10,177
C147,1,0,0,0,1,1,0,0,0,1,0,1,10,178
C177,0,0,1,0,1,0,1,0,0,1,0,1,10,179
C186,0,0,1,0,1,0,1,0,0,1,0,1,10,180
C200,1,0,0,1,1,0,0,0,0,0,0,1,10,181
C206,0,0,0,1,1,0,1,0,0,1,0,1,10,182
C226,0,1,0,1,1,0,0,0,0,0,0,1,10,183
C004,1,0,0,0,1,1,0,0,0,0,0,1,9,184
C010,1,0,0,0,1,0,1,0,0,0,0,1,9,185
C024,0,0,1,0,1,0,0,0,1,0,0,1,9,186
C053,0,0,1,0,1,0,0,0,1,0,0,1,9,187
C058,0,0,0,0,1,1,0,0,1,1,0,1,9,188
C135,0,1,0,0,1,0,1,0,0,0,0,1,9,189
C184,1,0,0,0,1,1,0,0,0,0,0,1,9,190
C197,1,1,0,0,1,0,0,0,0,0,0,0,9,191
C221,0,1,0,0,1,0,1,0,0,0,0,1,9,192
C005,0,0,0,0,1,1,1,0,0,0,0,1,8,193
C023,0,0,1,0,1,0,0,0,0,1,0,1,8,194
C031,1,1,0,0,0,0,0,0,0,1,0,1,8,195
C062,1,0,0,0,1,0,0,0,0,1,0,1,8,196
C077,0,0,0,1,1,0,0,0,0,1,0,1,8,197
C120,0,0,0,0,1,0,1,0,1,0,0,1,8,198
C129,0,1,0,0,1,0,0,0,0,1,0,1,8,199
C183,0,0,0,0,1,1,1,0,0,0,0,1,8,200
C220,0,1,0,0,1,0,0,0,0,1,0,1,8,201
C238,0,0,0,1,1,0,0,0,0,0,1,1,8,202
C032,0,1,1,0,0,0,0,0,0,0,0,1,7,203
C081,0,0,0,1,1,0,0,0,0,0,0,1,7,204
C083,0,0,0,0,1,0,0,1,0,1,0,1,7,205
C086,1,0,0,0,1,0,0,0,0,0,0,1,7,206
C093,0,0,1,0,1,0,0,0,0,0,0,1,7,207
C109,0,0,0,0,1,1,0,0,0,1,0,1,7,208
C119,0,0,0,0,1,0,1,0,0,1,0,1,7,209
C124,0,0,0,1,1,0,0,0,0,0,0,1,7,210
C125,0,0,0,1,1,0,0,0,0,0,0,1,7,211
C127,0,1,0,0,1,0,0,0,0,0,0,1,7,212
C158,0,0,0,1,1,0,0,0,0,0,0,1,7,213
C159,0,0,0,0,1,0,1,0,0,1,0,1,7,214
C161,0,0,0,1,1,0,0,0,0,0,0,1,7,215
C194,0,0,0,1,1,0,0,0,0,0,0,1,7,216
C196,0,0,0,0,1,0,1,0,0,1,0,1,7,217
C202,0,0,0,0,1,0,1,0,0,1,0,1,7,218
C215,0,0,0,0,1,0,0,0,1,1,0,1,7,219
C237,0,0,0,0,1,0,0,1,0,0,1,1,7,220
C017,0,0,0,0,1,0,1,0,0,0,0,1,6,221
C131,0,0,0,0,1,0,1,0,0,0,0,1,6,222
C188,0,0,1,0,0,0,1,0,0,0,0,0,5,223
C222,0,0,1,0,0,0,0,0,0,1,0,1,5,224
C002,0,0,0,0,1,0,0,0,0,0,0,1,4,225
C013,0,0,0,0,1,0,0,0,0,0,0,1,4,226
C014,0,0,0,0,0,0,1,0,0,1,0,1,4,227
C038,0,0,0,0,1,0,0,0,0,0,0,1,4,228
C051,0,0,0,0,1,0,0,0,0,0,0,1,4,229
C097,0,0,0,0,1,0,0,0,0,0,0,1,4,230
C137,0,0,0,0,1,0,0,0,0,0,0,1,4,231
C140,0,0,0,0,1,0,0,0,0,0,0,1,4,232
C179,0,0,0,0,1,0,0,0,0,0,0,1,4,233
C193,0,0,0,0,1,0,0,0,0,0,0,1,4,234
C204,0,0,0,0,1,0,0,0,0,1,0,0,4,235
C214,1,0,0,0,0,0,0,0,0,0,0,1,4,236
C006,0,0,0,0,1,0,0,0,0,0,0,0,3,237
C018,0,0,0,0,1,0,0,0,0,0,0,0,3,238
C160,0,0,0,0,0,0,0,1,0,0,0,0,2,239
C057,0,0,0,0,0,0,0,0,0,0,0,0,0,240
