month,bu,customer,gross_revenue,promo_discounts,net_revenue
2024-01,Nordics,Norrhandel,782744.14,47812.76,734931.38
2024-01,Nordics,Praktik Apotek,587058.11,35859.57,551198.54
2024-01,Nordics,Berghav AS,521829.43,31875.17,489954.26
2024-01,Nordics,Björkgrossisten AB,456600.75,27890.78,428709.97
2024-01,Nordics,Havneby Detalj A/S,391372.07,23906.38,367465.69
2024-01,Nordics,Metsätori Oy,326143.39,19921.98,306221.41
2024-01,Nordics,Solvik Dagligvaror AB,293529.05,17929.79,275599.26
2024-01,Nordics,Kystvare AS,260914.71,15937.59,244977.12
2024-01,Nordics,Nordkedjan AB,228300.38,13945.39,214354.99
2024-01,Nordics,Kruunutukku Oy,195686.04,11953.19,183732.85
2024-01,Nordics,Other,2478689.78,151407.07,2327282.71
2024-01,Central Europe,Rheinkauf Gruppe,1013210.66,39833.98,973376.68
2024-01,Central Europe,Vantoria Handel GmbH,260539.89,10243.02,250296.87
2024-01,Central Europe,Bergmühle Grosshandel,202642.13,7966.80,194675.33
2024-01,Central Europe,Delta Benelux B.V.,173693.26,6828.68,166864.58
2024-01,Central Europe,Kronberg Drogerie GmbH,144744.38,5690.57,139053.81
2024-01,Central Europe,Nieuwmarkt Wholesale B.V.,130269.94,5121.51,125148.43
2024-01,Central Europe,Alpenweg Vertrieb GmbH,115795.50,4552.46,111243.04
2024-01,Central Europe,Rheinberg Fachhandel,101321.07,3983.40,97337.67
2024-01,Central Europe,Van Duijn Groothandel B.V.,86846.63,3414.34,83432.29
2024-01,Central Europe,Feldkirch Distribution GmbH,72372.19,2845.29,69526.90
2024-01,Central Europe,Other,593451.96,23331.33,570120.63
2024-01,Baltics & Poland,Balticum Retail,310245.14,25127.20,285117.94
2024-01,Baltics & Poland,Polska Handlowa Sp. z o.o.,262515.12,21261.47,241253.65
2024-01,Baltics & Poland,Sūduvos Prekyba,214785.09,17395.75,197389.34
2024-01,Baltics & Poland,Poznańska Grupa Detaliczna,167055.07,13530.03,153525.04
2024-01,Baltics & Poland,Rīgas Mazumtirdzniecība,143190.06,11597.17,131592.89
2024-01,Baltics & Poland,Läänemere Kaubad,119325.05,9664.31,109660.74
2024-01,Baltics & Poland,Gdańska Sieć Detaliczna,107392.55,8697.88,98694.67
2024-01,Baltics & Poland,Kauno Diskontas,95460.04,7731.45,87728.59
2024-01,Baltics & Poland,Pärnu Kaubad,83527.54,6765.01,76762.53
2024-01,Baltics & Poland,Klaipėda Market,71595.03,5798.58,65796.45
2024-01,Baltics & Poland,Other,811410.36,65717.29,745693.07
2024-02,Nordics,Norrhandel,828844.13,49602.16,779241.97
2024-02,Nordics,Praktik Apotek,621633.09,37201.62,584431.47
2024-02,Nordics,Berghav AS,552562.75,33068.11,519494.64
2024-02,Nordics,Björkgrossisten AB,483492.41,28934.59,454557.82
2024-02,Nordics,Havneby Detalj A/S,414422.06,24801.08,389620.98
2024-02,Nordics,Metsätori Oy,345351.72,20667.57,324684.15
2024-02,Nordics,Solvik Dagligvaror AB,310816.55,18600.81,292215.74
2024-02,Nordics,Kystvare AS,276281.38,16534.05,259747.33
2024-02,Nordics,Nordkedjan AB,241746.20,14467.30,227278.90
2024-02,Nordics,Kruunutukku Oy,207211.03,12400.54,194810.49
2024-02,Nordics,Other,2624673.06,157073.51,2467599.55
2024-02,Central Europe,Rheinkauf Gruppe,1071654.84,42941.31,1028713.53
2024-02,Central Europe,Vantoria Handel GmbH,275568.39,11042.05,264526.34
2024-02,Central Europe,Bergmühle Grosshandel,214330.97,8588.26,205742.71
2024-02,Central Europe,Delta Benelux B.V.,183712.26,7361.37,176350.89
2024-02,Central Europe,Kronberg Drogerie GmbH,153093.55,6134.47,146959.08
2024-02,Central Europe,Nieuwmarkt Wholesale B.V.,137784.19,5521.02,132263.17
2024-02,Central Europe,Alpenweg Vertrieb GmbH,122474.84,4907.58,117567.26
2024-02,Central Europe,Rheinberg Fachhandel,107165.48,4294.13,102871.35
2024-02,Central Europe,Van Duijn Groothandel B.V.,91856.13,3680.68,88175.45
2024-02,Central Europe,Feldkirch Distribution GmbH,76546.77,3067.24,73479.53
2024-02,Central Europe,Other,627683.55,25151.34,602532.21
2024-02,Baltics & Poland,Balticum Retail,339742.03,26684.50,313057.53
2024-02,Baltics & Poland,Polska Handlowa Sp. z o.o.,287474.02,22579.20,264894.82
2024-02,Baltics & Poland,Sūduvos Prekyba,235206.02,18473.89,216732.13
2024-02,Baltics & Poland,Poznańska Grupa Detaliczna,182938.01,14368.58,168569.43
2024-02,Baltics & Poland,Rīgas Mazumtirdzniecība,156804.01,12315.92,144488.09
2024-02,Baltics & Poland,Läänemere Kaubad,130670.01,10263.27,120406.74
2024-02,Baltics & Poland,Gdańska Sieć Detaliczna,117603.01,9236.94,108366.07
2024-02,Baltics & Poland,Kauno Diskontas,104536.01,8210.62,96325.39
2024-02,Baltics & Poland,Pärnu Kaubad,91469.01,7184.29,84284.72
2024-02,Baltics & Poland,Klaipėda Market,78402.00,6157.96,72244.04
2024-02,Baltics & Poland,Other,888556.07,69790.24,818765.83
2024-03,Nordics,Norrhandel,857547.22,49551.96,807995.26
2024-03,Nordics,Praktik Apotek,643160.42,37163.97,605996.45
2024-03,Nordics,Berghav AS,571698.15,33034.64,538663.51
2024-03,Nordics,Björkgrossisten AB,500235.88,28905.31,471330.57
2024-03,Nordics,Havneby Detalj A/S,428773.61,24775.98,403997.63
2024-03,Nordics,Metsätori Oy,357311.34,20646.65,336664.69
2024-03,Nordics,Solvik Dagligvaror AB,321580.21,18581.99,302998.22
2024-03,Nordics,Kystvare AS,285849.07,16517.32,269331.75
2024-03,Nordics,Nordkedjan AB,250117.94,14452.66,235665.28
2024-03,Nordics,Kruunutukku Oy,214386.81,12387.99,201998.82
2024-03,Nordics,Other,2715566.21,156914.54,2558651.67
2024-03,Central Europe,Rheinkauf Gruppe,1108762.62,43651.94,1065110.68
2024-03,Central Europe,Vantoria Handel GmbH,285110.39,11224.79,273885.60
2024-03,Central Europe,Bergmühle Grosshandel,221752.52,8730.39,213022.13
2024-03,Central Europe,Delta Benelux B.V.,190073.59,7483.19,182590.40
2024-03,Central Europe,Kronberg Drogerie GmbH,158394.66,6235.99,152158.67
2024-03,Central Europe,Nieuwmarkt Wholesale B.V.,142555.19,5612.39,136942.80
2024-03,Central Europe,Alpenweg Vertrieb GmbH,126715.73,4988.79,121726.94
2024-03,Central Europe,Rheinberg Fachhandel,110876.26,4365.19,106511.07
2024-03,Central Europe,Van Duijn Groothandel B.V.,95036.80,3741.60,91295.20
2024-03,Central Europe,Feldkirch Distribution GmbH,79197.33,3118.00,76079.33
2024-03,Central Europe,Other,649418.10,25567.57,623850.53
2024-03,Baltics & Poland,Balticum Retail,341778.02,26779.64,314998.38
2024-03,Baltics & Poland,Polska Handlowa Sp. z o.o.,289196.79,22659.70,266537.09
2024-03,Baltics & Poland,Sūduvos Prekyba,236615.56,18539.75,218075.81
2024-03,Baltics & Poland,Poznańska Grupa Detaliczna,184034.32,14419.81,169614.51
2024-03,Baltics & Poland,Rīgas Mazumtirdzniecība,157743.70,12359.84,145383.86
2024-03,Baltics & Poland,Läänemere Kaubad,131453.09,10299.86,121153.23
2024-03,Baltics & Poland,Gdańska Sieć Detaliczna,118307.78,9269.88,109037.90
2024-03,Baltics & Poland,Kauno Diskontas,105162.47,8239.89,96922.58
2024-03,Baltics & Poland,Pärnu Kaubad,92017.16,7209.90,84807.26
2024-03,Baltics & Poland,Klaipėda Market,78871.85,6179.92,72691.93
2024-03,Baltics & Poland,Other,893880.98,70039.06,823841.92
2024-04,Nordics,Norrhandel,870752.72,49512.83,821239.89
2024-04,Nordics,Praktik Apotek,653064.54,37134.62,615929.92
2024-04,Nordics,Berghav AS,580501.81,33008.55,547493.26
2024-04,Nordics,Björkgrossisten AB,507939.09,28882.48,479056.61
2024-04,Nordics,Havneby Detalj A/S,435376.36,24756.42,410619.94
2024-04,Nordics,Metsätori Oy,362813.63,20630.35,342183.28
2024-04,Nordics,Solvik Dagligvaror AB,326532.27,18567.31,307964.96
2024-04,Nordics,Kystvare AS,290250.91,16504.28,273746.63
2024-04,Nordics,Nordkedjan AB,253969.54,14441.24,239528.30
2024-04,Nordics,Kruunutukku Oy,217688.18,12378.21,205309.97
2024-04,Nordics,Other,2757383.62,156790.63,2600592.99
2024-04,Central Europe,Rheinkauf Gruppe,1128843.43,45930.53,1082912.90
2024-04,Central Europe,Vantoria Handel GmbH,290274.02,11810.71,278463.31
2024-04,Central Europe,Bergmühle Grosshandel,225768.68,9186.11,216582.57
2024-04,Central Europe,Delta Benelux B.V.,193516.02,7873.80,185642.22
2024-04,Central Europe,Kronberg Drogerie GmbH,161263.35,6561.50,154701.85
2024-04,Central Europe,Nieuwmarkt Wholesale B.V.,145137.01,5905.35,139231.66
2024-04,Central Europe,Alpenweg Vertrieb GmbH,129010.68,5249.20,123761.48
2024-04,Central Europe,Rheinberg Fachhandel,112884.34,4593.05,108291.29
2024-04,Central Europe,Van Duijn Groothandel B.V.,96758.01,3936.90,92821.11
2024-04,Central Europe,Feldkirch Distribution GmbH,80631.67,3280.75,77350.92
2024-04,Central Europe,Other,661179.72,26902.17,634277.55
2024-04,Baltics & Poland,Balticum Retail,351699.72,28206.08,323493.64
2024-04,Baltics & Poland,Polska Handlowa Sp. z o.o.,297592.07,23866.69,273725.38
2024-04,Baltics & Poland,Sūduvos Prekyba,243484.42,19527.29,223957.13
2024-04,Baltics & Poland,Poznańska Grupa Detaliczna,189376.77,15187.89,174188.88
2024-04,Baltics & Poland,Rīgas Mazumtirdzniecība,162322.95,13018.19,149304.76
2024-04,Baltics & Poland,Läänemere Kaubad,135269.12,10848.49,124420.63
2024-04,Baltics & Poland,Gdańska Sieć Detaliczna,121742.21,9763.64,111978.57
2024-04,Baltics & Poland,Kauno Diskontas,108215.30,8678.79,99536.51
2024-04,Baltics & Poland,Pärnu Kaubad,94688.39,7593.95,87094.44
2024-04,Baltics & Poland,Klaipėda Market,81161.48,6509.10,74652.38
2024-04,Baltics & Poland,Other,919830.04,73769.75,846060.29
2024-05,Nordics,Norrhandel,893730.91,54774.46,838956.45
2024-05,Nordics,Praktik Apotek,670298.18,41080.84,629217.34
2024-05,Nordics,Berghav AS,595820.61,36516.31,559304.30
2024-05,Nordics,Björkgrossisten AB,521343.03,31951.77,489391.26
2024-05,Nordics,Havneby Detalj A/S,446865.46,27387.23,419478.23
2024-05,Nordics,Metsätori Oy,372387.88,22822.69,349565.19
2024-05,Nordics,Solvik Dagligvaror AB,335149.09,20540.42,314608.67
2024-05,Nordics,Kystvare AS,297910.30,18258.15,279652.15
2024-05,Nordics,Nordkedjan AB,260671.52,15975.88,244695.64
2024-05,Nordics,Kruunutukku Oy,223432.73,13693.62,209739.11
2024-05,Nordics,Other,2830147.88,173452.46,2656695.42
2024-05,Central Europe,Rheinkauf Gruppe,1191774.04,47516.99,1144257.05
2024-05,Central Europe,Vantoria Handel GmbH,306456.18,12218.65,294237.53
2024-05,Central Europe,Bergmühle Grosshandel,238354.81,9503.40,228851.41
2024-05,Central Europe,Delta Benelux B.V.,204304.12,8145.77,196158.35
2024-05,Central Europe,Kronberg Drogerie GmbH,170253.43,6788.14,163465.29
2024-05,Central Europe,Nieuwmarkt Wholesale B.V.,153228.09,6109.33,147118.76
2024-05,Central Europe,Alpenweg Vertrieb GmbH,136202.75,5430.51,130772.24
2024-05,Central Europe,Rheinberg Fachhandel,119177.40,4751.70,114425.70
2024-05,Central Europe,Van Duijn Groothandel B.V.,102152.06,4072.89,98079.17
2024-05,Central Europe,Feldkirch Distribution GmbH,85126.72,3394.07,81732.65
2024-05,Central Europe,Other,698039.08,27831.38,670207.70
2024-05,Baltics & Poland,Balticum Retail,357356.98,29906.05,327450.93
2024-05,Baltics & Poland,Polska Handlowa Sp. z o.o.,302378.98,25305.12,277073.86
2024-05,Baltics & Poland,Sūduvos Prekyba,247400.98,20704.19,226696.79
2024-05,Baltics & Poland,Poznańska Grupa Detaliczna,192422.99,16103.26,176319.73
2024-05,Baltics & Poland,Rīgas Mazumtirdzniecība,164933.99,13802.79,151131.20
2024-05,Baltics & Poland,Läänemere Kaubad,137444.99,11502.32,125942.67
2024-05,Baltics & Poland,Gdańska Sieć Detaliczna,123700.49,10352.09,113348.40
2024-05,Baltics & Poland,Kauno Diskontas,109955.99,9201.86,100754.13
2024-05,Baltics & Poland,Pärnu Kaubad,96211.49,8051.63,88159.86
2024-05,Baltics & Poland,Klaipėda Market,82467.00,6901.39,75565.61
2024-05,Baltics & Poland,Other,934625.94,78215.82,856410.12
2024-06,Nordics,Norrhandel,913820.32,56655.83,857164.49
2024-06,Nordics,Praktik Apotek,685365.24,42491.87,642873.37
2024-06,Nordics,Berghav AS,609213.54,37770.55,571442.99
2024-06,Nordics,Björkgrossisten AB,533061.85,33049.23,500012.62
2024-06,Nordics,Havneby Detalj A/S,456910.16,28327.91,428582.25
2024-06,Nordics,Metsätori Oy,380758.46,23606.59,357151.87
2024-06,Nordics,Solvik Dagligvaror AB,342682.62,21245.93,321436.69
2024-06,Nordics,Kystvare AS,304606.77,18885.28,285721.49
2024-06,Nordics,Nordkedjan AB,266530.93,16524.62,250006.31
2024-06,Nordics,Kruunutukku Oy,228455.08,14163.96,214291.12
2024-06,Nordics,Other,2893764.34,179410.12,2714354.22
2024-06,Central Europe,Rheinkauf Gruppe,1160955.18,47496.81,1113458.37
2024-06,Central Europe,Vantoria Handel GmbH,298531.33,12213.47,286317.86
2024-06,Central Europe,Bergmühle Grosshandel,232191.04,9499.36,222691.68
2024-06,Central Europe,Delta Benelux B.V.,199020.89,8142.31,190878.58
2024-06,Central Europe,Kronberg Drogerie GmbH,165850.74,6785.26,159065.48
2024-06,Central Europe,Nieuwmarkt Wholesale B.V.,149265.67,6106.73,143158.94
2024-06,Central Europe,Alpenweg Vertrieb GmbH,132680.59,5428.21,127252.38
2024-06,Central Europe,Rheinberg Fachhandel,116095.52,4749.68,111345.84
2024-06,Central Europe,Van Duijn Groothandel B.V.,99510.44,4071.15,95439.29
2024-06,Central Europe,Feldkirch Distribution GmbH,82925.37,3392.63,79532.74
2024-06,Central Europe,Other,679988.03,27819.56,652168.47
2024-06,Baltics & Poland,Balticum Retail,362245.65,28198.85,334046.80
2024-06,Baltics & Poland,Polska Handlowa Sp. z o.o.,306515.55,23860.56,282654.99
2024-06,Baltics & Poland,Sūduvos Prekyba,250785.45,19522.28,231263.17
2024-06,Baltics & Poland,Poznańska Grupa Detaliczna,195055.35,15184.00,179871.35
2024-06,Baltics & Poland,Rīgas Mazumtirdzniecība,167190.30,13014.85,154175.45
2024-06,Baltics & Poland,Läänemere Kaubad,139325.25,10845.71,128479.54
2024-06,Baltics & Poland,Gdańska Sieć Detaliczna,125392.73,9761.14,115631.59
2024-06,Baltics & Poland,Kauno Diskontas,111460.20,8676.57,102783.63
2024-06,Baltics & Poland,Pärnu Kaubad,97527.67,7592.00,89935.67
2024-06,Baltics & Poland,Klaipėda Market,83595.15,6507.43,77087.72
2024-06,Baltics & Poland,Other,947411.70,73750.84,873660.86
2024-07,Nordics,Norrhandel,887759.39,56314.89,831444.50
2024-07,Nordics,Praktik Apotek,665819.54,42236.17,623583.37
2024-07,Nordics,Berghav AS,591839.60,37543.26,554296.34
2024-07,Nordics,Björkgrossisten AB,517859.65,32850.36,485009.29
2024-07,Nordics,Havneby Detalj A/S,443879.70,28157.45,415722.25
2024-07,Nordics,Metsätori Oy,369899.75,23464.54,346435.21
2024-07,Nordics,Solvik Dagligvaror AB,332909.77,21118.09,311791.68
2024-07,Nordics,Kystvare AS,295919.80,18771.63,277148.17
2024-07,Nordics,Nordkedjan AB,258929.82,16425.18,242504.64
2024-07,Nordics,Kruunutukku Oy,221939.85,14078.72,207861.13
2024-07,Nordics,Other,2811238.08,178330.50,2632907.58
2024-07,Central Europe,Rheinkauf Gruppe,1163908.86,47019.17,1116889.69
2024-07,Central Europe,Vantoria Handel GmbH,299290.85,12090.64,287200.21
2024-07,Central Europe,Bergmühle Grosshandel,232781.77,9403.83,223377.94
2024-07,Central Europe,Delta Benelux B.V.,199527.23,8060.43,191466.80
2024-07,Central Europe,Kronberg Drogerie GmbH,166272.69,6717.03,159555.66
2024-07,Central Europe,Nieuwmarkt Wholesale B.V.,149645.42,6045.32,143600.10
2024-07,Central Europe,Alpenweg Vertrieb GmbH,133018.15,5373.62,127644.53
2024-07,Central Europe,Rheinberg Fachhandel,116390.89,4701.92,111688.97
2024-07,Central Europe,Van Duijn Groothandel B.V.,99763.62,4030.22,95733.40
2024-07,Central Europe,Feldkirch Distribution GmbH,83136.35,3358.51,79777.84
2024-07,Central Europe,Other,681718.05,27539.80,654178.25
2024-07,Baltics & Poland,Balticum Retail,356639.36,28517.59,328121.77
2024-07,Baltics & Poland,Polska Handlowa Sp. z o.o.,301771.77,24130.27,277641.50
2024-07,Baltics & Poland,Sūduvos Prekyba,246904.18,19742.95,227161.23
2024-07,Baltics & Poland,Poznańska Grupa Detaliczna,192036.58,15355.63,176680.95
2024-07,Baltics & Poland,Rīgas Mazumtirdzniecība,164602.78,13161.97,151440.81
2024-07,Baltics & Poland,Läänemere Kaubad,137168.99,10968.30,126200.69
2024-07,Baltics & Poland,Gdańska Sieć Detaliczna,123452.09,9871.47,113580.62
2024-07,Baltics & Poland,Kauno Diskontas,109735.19,8774.64,100960.55
2024-07,Baltics & Poland,Pärnu Kaubad,96018.29,7677.81,88340.48
2024-07,Baltics & Poland,Klaipėda Market,82301.39,6580.98,75720.41
2024-07,Baltics & Poland,Other,932749.10,74584.46,858164.64
2024-08,Nordics,Norrhandel,865240.03,56134.37,809105.66
2024-08,Nordics,Praktik Apotek,648930.02,42100.78,606829.24
2024-08,Nordics,Berghav AS,576826.69,37422.91,539403.78
2024-08,Nordics,Björkgrossisten AB,504723.35,32745.05,471978.30
2024-08,Nordics,Havneby Detalj A/S,432620.02,28067.18,404552.84
2024-08,Nordics,Metsätori Oy,360516.68,23389.32,337127.36
2024-08,Nordics,Solvik Dagligvaror AB,324465.01,21050.39,303414.62
2024-08,Nordics,Kystvare AS,288413.34,18711.46,269701.88
2024-08,Nordics,Nordkedjan AB,252361.68,16372.52,235989.16
2024-08,Nordics,Kruunutukku Oy,216310.01,14033.59,202276.42
2024-08,Nordics,Other,2739926.76,177758.83,2562167.93
2024-08,Central Europe,Rheinkauf Gruppe,1130216.77,44976.15,1085240.62
2024-08,Central Europe,Vantoria Handel GmbH,290627.17,11565.30,279061.87
2024-08,Central Europe,Bergmühle Grosshandel,226043.35,8995.23,217048.12
2024-08,Central Europe,Delta Benelux B.V.,193751.45,7710.20,186041.25
2024-08,Central Europe,Kronberg Drogerie GmbH,161459.54,6425.16,155034.38
2024-08,Central Europe,Nieuwmarkt Wholesale B.V.,145313.59,5782.65,139530.94
2024-08,Central Europe,Alpenweg Vertrieb GmbH,129167.63,5140.13,124027.50
2024-08,Central Europe,Rheinberg Fachhandel,113021.68,4497.62,108524.06
2024-08,Central Europe,Van Duijn Groothandel B.V.,96875.72,3855.10,93020.62
2024-08,Central Europe,Feldkirch Distribution GmbH,80729.77,3212.58,77517.19
2024-08,Central Europe,Other,661984.11,26343.17,635640.94
2024-08,Baltics & Poland,Balticum Retail,353464.85,28236.05,325228.80
2024-08,Baltics & Poland,Polska Handlowa Sp. z o.o.,299085.64,23892.05,275193.59
2024-08,Baltics & Poland,Sūduvos Prekyba,244706.43,19548.04,225158.39
2024-08,Baltics & Poland,Poznańska Grupa Detaliczna,190327.23,15204.03,175123.20
2024-08,Baltics & Poland,Rīgas Mazumtirdzniecība,163137.62,13032.02,150105.60
2024-08,Baltics & Poland,Läänemere Kaubad,135948.02,10860.02,125088.00
2024-08,Baltics & Poland,Gdańska Sieć Detaliczna,122353.22,9774.02,112579.20
2024-08,Baltics & Poland,Kauno Diskontas,108758.42,8688.02,100070.40
2024-08,Baltics & Poland,Pärnu Kaubad,95163.61,7602.01,87561.60
2024-08,Baltics & Poland,Klaipėda Market,81568.81,6516.01,75052.80
2024-08,Baltics & Poland,Other,924446.53,73848.14,850598.39
2024-09,Nordics,Norrhandel,914229.43,53934.25,860295.18
2024-09,Nordics,Praktik Apotek,685672.07,40450.69,645221.38
2024-09,Nordics,Berghav AS,609486.28,35956.17,573530.11
2024-09,Nordics,Björkgrossisten AB,533300.50,31461.64,501838.86
2024-09,Nordics,Havneby Detalj A/S,457114.71,26967.12,430147.59
2024-09,Nordics,Metsätori Oy,380928.93,22472.60,358456.33
2024-09,Nordics,Solvik Dagligvaror AB,342836.04,20225.34,322610.70
2024-09,Nordics,Kystvare AS,304743.14,17978.08,286765.06
2024-09,Nordics,Nordkedjan AB,266650.25,15730.82,250919.43
2024-09,Nordics,Kruunutukku Oy,228557.36,13483.56,215073.80
2024-09,Nordics,Other,2895059.85,170791.78,2724268.07
2024-09,Central Europe,Rheinkauf Gruppe,1183868.38,45676.73,1138191.65
2024-09,Central Europe,Vantoria Handel GmbH,304423.30,11745.45,292677.85
2024-09,Central Europe,Bergmühle Grosshandel,236773.68,9135.35,227638.33
2024-09,Central Europe,Delta Benelux B.V.,202948.87,7830.30,195118.57
2024-09,Central Europe,Kronberg Drogerie GmbH,169124.05,6525.25,162598.80
2024-09,Central Europe,Nieuwmarkt Wholesale B.V.,152211.65,5872.72,146338.93
2024-09,Central Europe,Alpenweg Vertrieb GmbH,135299.24,5220.20,130079.04
2024-09,Central Europe,Rheinberg Fachhandel,118386.84,4567.67,113819.17
2024-09,Central Europe,Van Duijn Groothandel B.V.,101474.43,3915.15,97559.28
2024-09,Central Europe,Feldkirch Distribution GmbH,84562.03,3262.62,81299.41
2024-09,Central Europe,Other,693408.63,26753.51,666655.12
2024-09,Baltics & Poland,Balticum Retail,374437.12,29679.51,344757.61
2024-09,Baltics & Poland,Polska Handlowa Sp. z o.o.,316831.41,25113.44,291717.97
2024-09,Baltics & Poland,Sūduvos Prekyba,259225.70,20547.36,238678.34
2024-09,Baltics & Poland,Poznańska Grupa Detaliczna,201619.99,15981.28,185638.71
2024-09,Baltics & Poland,Rīgas Mazumtirdzniecība,172817.13,13698.24,159118.89
2024-09,Baltics & Poland,Läänemere Kaubad,144014.28,11415.20,132599.08
2024-09,Baltics & Poland,Gdańska Sieć Detaliczna,129612.85,10273.68,119339.17
2024-09,Baltics & Poland,Kauno Diskontas,115211.42,9132.16,106079.26
2024-09,Baltics & Poland,Pärnu Kaubad,100809.99,7990.64,92819.35
2024-09,Baltics & Poland,Klaipėda Market,86408.57,6849.12,79559.45
2024-09,Baltics & Poland,Other,979297.09,77623.35,901673.74
2024-10,Nordics,Norrhandel,931966.51,56031.08,875935.43
2024-10,Nordics,Praktik Apotek,698974.89,42023.31,656951.58
2024-10,Nordics,Berghav AS,621311.01,37354.05,583956.96
2024-10,Nordics,Björkgrossisten AB,543647.13,32684.80,510962.33
2024-10,Nordics,Havneby Detalj A/S,465983.26,28015.54,437967.72
2024-10,Nordics,Metsätori Oy,388319.38,23346.28,364973.10
2024-10,Nordics,Solvik Dagligvaror AB,349487.44,21011.66,328475.78
2024-10,Nordics,Kystvare AS,310655.50,18677.03,291978.47
2024-10,Nordics,Nordkedjan AB,271823.57,16342.40,255481.17
2024-10,Nordics,Kruunutukku Oy,232991.63,14007.77,218983.86
2024-10,Nordics,Other,2951227.30,177431.75,2773795.55
2024-10,Central Europe,Rheinkauf Gruppe,1214263.68,52668.47,1161595.21
2024-10,Central Europe,Vantoria Handel GmbH,312239.23,13543.32,298695.91
2024-10,Central Europe,Bergmühle Grosshandel,242852.74,10533.70,232319.04
2024-10,Central Europe,Delta Benelux B.V.,208159.49,9028.88,199130.61
2024-10,Central Europe,Kronberg Drogerie GmbH,173466.24,7524.07,165942.17
2024-10,Central Europe,Nieuwmarkt Wholesale B.V.,156119.62,6771.66,149347.96
2024-10,Central Europe,Alpenweg Vertrieb GmbH,138772.99,6019.25,132753.74
2024-10,Central Europe,Rheinberg Fachhandel,121426.37,5266.85,116159.52
2024-10,Central Europe,Van Duijn Groothandel B.V.,104079.74,4514.44,99565.30
2024-10,Central Europe,Feldkirch Distribution GmbH,86733.12,3762.03,82971.09
2024-10,Central Europe,Other,711211.58,30848.68,680362.90
2024-10,Baltics & Poland,Balticum Retail,369929.10,29172.96,340756.14
2024-10,Baltics & Poland,Polska Handlowa Sp. z o.o.,313016.93,24684.82,288332.11
2024-10,Baltics & Poland,Sūduvos Prekyba,256104.76,20196.67,235908.09
2024-10,Baltics & Poland,Poznańska Grupa Detaliczna,199192.59,15708.52,183484.07
2024-10,Baltics & Poland,Rīgas Mazumtirdzniecība,170736.51,13464.44,157272.07
2024-10,Baltics & Poland,Läänemere Kaubad,142280.42,11220.37,131060.05
2024-10,Baltics & Poland,Gdańska Sieć Detaliczna,128052.38,10098.33,117954.05
2024-10,Baltics & Poland,Kauno Diskontas,113824.34,8976.30,104848.04
2024-10,Baltics & Poland,Pärnu Kaubad,99596.30,7854.26,91742.04
2024-10,Baltics & Poland,Klaipėda Market,85368.25,6732.22,78636.03
2024-10,Baltics & Poland,Other,967506.87,76298.52,891208.35
2024-11,Nordics,Norrhandel,994015.47,56323.24,937692.23
2024-11,Nordics,Praktik Apotek,745511.60,42242.43,703269.17
2024-11,Nordics,Berghav AS,662676.98,37548.82,625128.16
2024-11,Nordics,Björkgrossisten AB,579842.36,32855.22,546987.14
2024-11,Nordics,Havneby Detalj A/S,497007.74,28161.62,468846.12
2024-11,Nordics,Metsätori Oy,414173.11,23468.01,390705.10
2024-11,Nordics,Solvik Dagligvaror AB,372755.80,21121.21,351634.59
2024-11,Nordics,Kystvare AS,331338.49,18774.41,312564.08
2024-11,Nordics,Nordkedjan AB,289921.18,16427.61,273493.57
2024-11,Nordics,Kruunutukku Oy,248503.87,14080.81,234423.06
2024-11,Nordics,Other,3147715.65,178356.91,2969358.74
2024-11,Central Europe,Rheinkauf Gruppe,1295170.14,54210.01,1240960.13
2024-11,Central Europe,Vantoria Handel GmbH,333043.75,13939.72,319104.03
2024-11,Central Europe,Bergmühle Grosshandel,259034.03,10842.00,248192.03
2024-11,Central Europe,Delta Benelux B.V.,222029.17,9293.15,212736.02
2024-11,Central Europe,Kronberg Drogerie GmbH,185024.31,7744.29,177280.02
2024-11,Central Europe,Nieuwmarkt Wholesale B.V.,166521.87,6969.86,159552.01
2024-11,Central Europe,Alpenweg Vertrieb GmbH,148019.44,6195.43,141824.01
2024-11,Central Europe,Rheinberg Fachhandel,129517.01,5421.00,124096.01
2024-11,Central Europe,Van Duijn Groothandel B.V.,111014.58,4646.57,106368.01
2024-11,Central Europe,Feldkirch Distribution GmbH,92512.15,3872.14,88640.01
2024-11,Central Europe,Other,758599.65,31751.58,726848.07
2024-11,Baltics & Poland,Balticum Retail,398415.06,32475.54,365939.52
2024-11,Baltics & Poland,Polska Handlowa Sp. z o.o.,337120.43,27479.31,309641.12
2024-11,Baltics & Poland,Sūduvos Prekyba,275825.81,22483.07,253342.74
2024-11,Baltics & Poland,Poznańska Grupa Detaliczna,214531.19,17486.83,197044.36
2024-11,Baltics & Poland,Rīgas Mazumtirdzniecība,183883.87,14988.71,168895.16
2024-11,Baltics & Poland,Läänemere Kaubad,153236.56,12490.59,140745.97
2024-11,Baltics & Poland,Gdańska Sieć Detaliczna,137912.91,11241.53,126671.38
2024-11,Baltics & Poland,Kauno Diskontas,122589.25,9992.48,112596.77
2024-11,Baltics & Poland,Pärnu Kaubad,107265.59,8743.42,98522.17
2024-11,Baltics & Poland,Klaipėda Market,91941.94,7494.36,84447.58
2024-11,Baltics & Poland,Other,1042008.62,84936.04,957072.58
2024-12,Nordics,Norrhandel,1122885.94,63554.33,1059331.61
2024-12,Nordics,Praktik Apotek,842164.46,47665.75,794498.71
2024-12,Nordics,Berghav AS,748590.63,42369.55,706221.08
2024-12,Nordics,Björkgrossisten AB,655016.80,37073.36,617943.44
2024-12,Nordics,Havneby Detalj A/S,561442.97,31777.16,529665.81
2024-12,Nordics,Metsätori Oy,467869.14,26480.97,441388.17
2024-12,Nordics,Solvik Dagligvaror AB,421082.23,23832.87,397249.36
2024-12,Nordics,Kystvare AS,374295.31,21184.78,353110.53
2024-12,Nordics,Nordkedjan AB,327508.40,18536.68,308971.72
2024-12,Nordics,Kruunutukku Oy,280721.49,15888.58,264832.91
2024-12,Nordics,Other,3555805.49,201255.38,3354550.11
2024-12,Central Europe,Rheinkauf Gruppe,1416444.42,54040.17,1362404.25
2024-12,Central Europe,Vantoria Handel GmbH,364228.57,13896.04,350332.53
2024-12,Central Europe,Bergmühle Grosshandel,283288.89,10808.03,272480.86
2024-12,Central Europe,Delta Benelux B.V.,242819.04,9264.03,233555.01
2024-12,Central Europe,Kronberg Drogerie GmbH,202349.20,7720.02,194629.18
2024-12,Central Europe,Nieuwmarkt Wholesale B.V.,182114.28,6948.02,175166.26
2024-12,Central Europe,Alpenweg Vertrieb GmbH,161879.36,6176.02,155703.34
2024-12,Central Europe,Rheinberg Fachhandel,141644.44,5404.02,136240.42
2024-12,Central Europe,Van Duijn Groothandel B.V.,121409.52,4632.01,116777.51
2024-12,Central Europe,Feldkirch Distribution GmbH,101174.60,3860.01,97314.59
2024-12,Central Europe,Other,829631.73,31652.10,797979.63
2024-12,Baltics & Poland,Balticum Retail,459123.64,37209.42,421914.22
2024-12,Baltics & Poland,Polska Handlowa Sp. z o.o.,388489.24,31484.90,357004.34
2024-12,Baltics & Poland,Sūduvos Prekyba,317854.83,25760.37,292094.46
2024-12,Baltics & Poland,Poznańska Grupa Detaliczna,247220.42,20035.84,227184.58
2024-12,Baltics & Poland,Rīgas Mazumtirdzniecība,211903.22,17173.58,194729.64
2024-12,Baltics & Poland,Läänemere Kaubad,176586.02,14311.32,162274.70
2024-12,Baltics & Poland,Gdańska Sieć Detaliczna,158927.42,12880.19,146047.23
2024-12,Baltics & Poland,Kauno Diskontas,141268.81,11449.05,129819.76
2024-12,Baltics & Poland,Pärnu Kaubad,123610.21,10017.92,113592.29
2024-12,Baltics & Poland,Klaipėda Market,105951.61,8586.79,97364.82
2024-12,Baltics & Poland,Other,1200784.92,97316.95,1103467.97
2025-01,Nordics,Norrhandel,796941.77,46383.05,750558.72
2025-01,Nordics,Praktik Apotek,597706.33,34787.29,562919.04
2025-01,Nordics,Berghav AS,531294.52,30922.03,500372.49
2025-01,Nordics,Björkgrossisten AB,464882.70,27056.78,437825.92
2025-01,Nordics,Havneby Detalj A/S,398470.89,23191.52,375279.37
2025-01,Nordics,Metsätori Oy,332059.07,19326.27,312732.80
2025-01,Nordics,Solvik Dagligvaror AB,298853.16,17393.64,281459.52
2025-01,Nordics,Kystvare AS,265647.26,15461.02,250186.24
2025-01,Nordics,Nordkedjan AB,232441.35,13528.39,218912.96
2025-01,Nordics,Kruunutukku Oy,199235.44,11595.76,187639.68
2025-01,Nordics,Other,2523648.94,146879.66,2376769.28
2025-01,Central Europe,Rheinkauf Gruppe,1027256.04,39414.67,987841.37
2025-01,Central Europe,Vantoria Handel GmbH,264151.55,10135.20,254016.35
2025-01,Central Europe,Bergmühle Grosshandel,205451.21,7882.93,197568.28
2025-01,Central Europe,Delta Benelux B.V.,176101.04,6756.80,169344.24
2025-01,Central Europe,Kronberg Drogerie GmbH,146750.86,5630.67,141120.19
2025-01,Central Europe,Nieuwmarkt Wholesale B.V.,132075.78,5067.60,127008.18
2025-01,Central Europe,Alpenweg Vertrieb GmbH,117400.69,4504.53,112896.16
2025-01,Central Europe,Rheinberg Fachhandel,102725.60,3941.47,98784.13
2025-01,Central Europe,Van Duijn Groothandel B.V.,88050.52,3378.40,84672.12
2025-01,Central Europe,Feldkirch Distribution GmbH,73375.43,2815.33,70560.10
2025-01,Central Europe,Other,601678.54,23085.74,578592.80
2025-01,Baltics & Poland,Balticum Retail,326465.24,34963.38,291501.86
2025-01,Baltics & Poland,Polska Handlowa Sp. z o.o.,276239.82,29584.40,246655.42
2025-01,Baltics & Poland,Sūduvos Prekyba,226014.39,24205.42,201808.97
2025-01,Baltics & Poland,Poznańska Grupa Detaliczna,175788.97,12146.09,163642.88
2025-01,Baltics & Poland,Rīgas Mazumtirdzniecība,150676.26,10410.93,140265.33
2025-01,Baltics & Poland,Läänemere Kaubad,125563.55,8675.78,116887.77
2025-01,Baltics & Poland,Gdańska Sieć Detaliczna,113007.20,7808.20,105199.00
2025-01,Baltics & Poland,Kauno Diskontas,100450.84,6940.62,93510.22
2025-01,Baltics & Poland,Pärnu Kaubad,87894.49,6073.04,81821.45
2025-01,Baltics & Poland,Klaipėda Market,75338.13,5205.46,70132.67
2025-01,Baltics & Poland,Other,853832.15,58995.28,794836.87
2025-02,Nordics,Norrhandel,907721.77,92215.07,815506.70
2025-02,Nordics,Praktik Apotek,680791.33,69161.30,611630.03
2025-02,Nordics,Berghav AS,605147.85,61476.71,543671.14
2025-02,Nordics,Björkgrossisten AB,529504.37,53792.12,475712.25
2025-02,Nordics,Havneby Detalj A/S,453860.89,46107.53,407753.36
2025-02,Nordics,Metsätori Oy,378217.40,38422.95,339794.45
2025-02,Nordics,Solvik Dagligvaror AB,340395.66,34580.65,305815.01
2025-02,Nordics,Kystvare AS,302573.92,30738.36,271835.56
2025-02,Nordics,Nordkedjan AB,264752.18,26896.06,237856.12
2025-02,Nordics,Kruunutukku Oy,226930.44,23053.77,203876.67
2025-02,Nordics,Other,2874452.27,292014.38,2582437.89
2025-02,Central Europe,Rheinkauf Gruppe,1119002.64,43910.07,1075092.57
2025-02,Central Europe,Vantoria Handel GmbH,287743.54,11291.16,276452.38
2025-02,Central Europe,Bergmühle Grosshandel,223800.53,8782.01,215018.52
2025-02,Central Europe,Delta Benelux B.V.,191829.03,7527.44,184301.59
2025-02,Central Europe,Kronberg Drogerie GmbH,159857.52,6272.87,153584.65
2025-02,Central Europe,Nieuwmarkt Wholesale B.V.,143871.77,5645.58,138226.19
2025-02,Central Europe,Alpenweg Vertrieb GmbH,127886.02,5018.29,122867.73
2025-02,Central Europe,Rheinberg Fachhandel,111900.26,4391.01,107509.25
2025-02,Central Europe,Van Duijn Groothandel B.V.,95914.51,3763.72,92150.79
2025-02,Central Europe,Feldkirch Distribution GmbH,79928.76,3136.43,76792.33
2025-02,Central Europe,Other,655415.83,25718.76,629697.07
2025-02,Baltics & Poland,Balticum Retail,378430.57,44005.52,334425.05
2025-02,Baltics & Poland,Polska Handlowa Sp. z o.o.,320210.49,37235.44,282975.05
2025-02,Baltics & Poland,Sūduvos Prekyba,261990.40,30465.36,231525.04
2025-02,Baltics & Poland,Poznańska Grupa Detaliczna,203770.31,15287.28,188483.03
2025-02,Baltics & Poland,Rīgas Mazumtirdzniecība,174660.26,13103.38,161556.88
2025-02,Baltics & Poland,Läänemere Kaubad,145550.22,10919.48,134630.74
2025-02,Baltics & Poland,Gdańska Sieć Detaliczna,130995.20,9827.53,121167.67
2025-02,Baltics & Poland,Kauno Diskontas,116440.18,8735.59,107704.59
2025-02,Baltics & Poland,Pärnu Kaubad,101885.15,7643.64,94241.51
2025-02,Baltics & Poland,Klaipėda Market,87330.13,6551.69,80778.44
2025-02,Baltics & Poland,Other,989741.50,74252.48,915489.02
2025-03,Nordics,Norrhandel,930182.07,94774.33,835407.74
2025-03,Nordics,Praktik Apotek,697636.56,71080.74,626555.82
2025-03,Nordics,Berghav AS,620121.38,63182.88,556938.50
2025-03,Nordics,Björkgrossisten AB,542606.21,55285.02,487321.19
2025-03,Nordics,Havneby Detalj A/S,465091.04,47387.16,417703.88
2025-03,Nordics,Metsätori Oy,387575.86,39489.30,348086.56
2025-03,Nordics,Solvik Dagligvaror AB,348818.28,35540.37,313277.91
2025-03,Nordics,Kystvare AS,310060.69,31591.44,278469.25
2025-03,Nordics,Nordkedjan AB,271303.11,27642.51,243660.60
2025-03,Nordics,Kruunutukku Oy,232545.52,23693.58,208851.94
2025-03,Nordics,Other,2945576.57,300118.69,2645457.88
2025-03,Central Europe,Rheinkauf Gruppe,1138964.20,43205.02,1095759.18
2025-03,Central Europe,Vantoria Handel GmbH,292876.51,11109.86,281766.65
2025-03,Central Europe,Bergmühle Grosshandel,227792.84,8641.00,219151.84
2025-03,Central Europe,Delta Benelux B.V.,195251.01,7406.57,187844.44
2025-03,Central Europe,Kronberg Drogerie GmbH,162709.17,6172.15,156537.02
2025-03,Central Europe,Nieuwmarkt Wholesale B.V.,146438.25,5554.93,140883.32
2025-03,Central Europe,Alpenweg Vertrieb GmbH,130167.34,4937.72,125229.62
2025-03,Central Europe,Rheinberg Fachhandel,113896.42,4320.50,109575.92
2025-03,Central Europe,Van Duijn Groothandel B.V.,97625.50,3703.29,93922.21
2025-03,Central Europe,Feldkirch Distribution GmbH,81354.59,3086.07,78268.52
2025-03,Central Europe,Other,667107.60,25305.79,641801.81
2025-03,Baltics & Poland,Balticum Retail,414766.48,52625.21,362141.27
2025-03,Baltics & Poland,Polska Handlowa Sp. z o.o.,350956.25,44529.02,306427.23
2025-03,Baltics & Poland,Sūduvos Prekyba,287146.02,36432.83,250713.19
2025-03,Baltics & Poland,Poznańska Grupa Detaliczna,223335.80,18281.71,205054.09
2025-03,Baltics & Poland,Rīgas Mazumtirdzniecība,191430.68,15670.04,175760.64
2025-03,Baltics & Poland,Läänemere Kaubad,159525.57,13058.36,146467.21
2025-03,Baltics & Poland,Gdańska Sieć Detaliczna,143573.01,11752.53,131820.48
2025-03,Baltics & Poland,Kauno Diskontas,127620.45,10446.69,117173.76
2025-03,Baltics & Poland,Pärnu Kaubad,111667.90,9140.85,102527.05
2025-03,Baltics & Poland,Klaipėda Market,95715.34,7835.02,87880.32
2025-03,Baltics & Poland,Other,1084773.87,88796.87,995977.00
2025-04,Nordics,Norrhandel,957833.62,98682.03,859151.59
2025-04,Nordics,Praktik Apotek,718375.21,74011.52,644363.69
2025-04,Nordics,Berghav AS,638555.75,65788.02,572767.73
2025-04,Nordics,Björkgrossisten AB,558736.28,57564.52,501171.76
2025-04,Nordics,Havneby Detalj A/S,478916.81,49341.02,429575.79
2025-04,Nordics,Metsätori Oy,399097.34,41117.51,357979.83
2025-04,Nordics,Solvik Dagligvaror AB,359187.61,37005.76,322181.85
2025-04,Nordics,Kystvare AS,319277.87,32894.01,286383.86
2025-04,Nordics,Nordkedjan AB,279368.14,28782.26,250585.88
2025-04,Nordics,Kruunutukku Oy,239458.40,24670.51,214787.89
2025-04,Nordics,Other,3033139.79,312493.10,2720646.69
2025-04,Central Europe,Rheinkauf Gruppe,1174777.56,43842.94,1130934.62
2025-04,Central Europe,Vantoria Handel GmbH,302085.66,11273.90,290811.76
2025-04,Central Europe,Bergmühle Grosshandel,234955.51,8768.59,226186.92
2025-04,Central Europe,Delta Benelux B.V.,201390.44,7515.93,193874.51
2025-04,Central Europe,Kronberg Drogerie GmbH,167825.37,6263.28,161562.09
2025-04,Central Europe,Nieuwmarkt Wholesale B.V.,151042.83,5636.95,145405.88
2025-04,Central Europe,Alpenweg Vertrieb GmbH,134260.29,5010.62,129249.67
2025-04,Central Europe,Rheinberg Fachhandel,117477.76,4384.29,113093.47
2025-04,Central Europe,Van Duijn Groothandel B.V.,100695.22,3757.97,96937.25
2025-04,Central Europe,Feldkirch Distribution GmbH,83912.68,3131.64,80781.04
2025-04,Central Europe,Other,688084.00,25679.43,662404.57
2025-04,Baltics & Poland,Balticum Retail,453772.84,61070.57,392702.27
2025-04,Baltics & Poland,Polska Handlowa Sp. z o.o.,383961.64,51675.10,332286.54
2025-04,Baltics & Poland,Sūduvos Prekyba,314150.43,42279.62,271870.81
2025-04,Baltics & Poland,Poznańska Grupa Detaliczna,244339.22,21215.58,223123.64
2025-04,Baltics & Poland,Rīgas Mazumtirdzniecība,209433.62,18184.79,191248.83
2025-04,Baltics & Poland,Läänemere Kaubad,174528.02,15153.99,159374.03
2025-04,Baltics & Poland,Gdańska Sieć Detaliczna,157075.22,13638.59,143436.63
2025-04,Baltics & Poland,Kauno Diskontas,139622.41,12123.19,127499.22
2025-04,Baltics & Poland,Pärnu Kaubad,122169.61,10607.79,111561.82
2025-04,Baltics & Poland,Klaipėda Market,104716.81,9092.39,95624.42
2025-04,Baltics & Poland,Other,1186790.52,103047.11,1083743.41
2025-05,Nordics,Norrhandel,948565.52,98067.81,850497.71
2025-05,Nordics,Praktik Apotek,711424.14,73550.86,637873.28
2025-05,Nordics,Berghav AS,632377.02,65378.54,566998.48
2025-05,Nordics,Björkgrossisten AB,553329.89,57206.23,496123.66
2025-05,Nordics,Havneby Detalj A/S,474282.76,49033.91,425248.85
2025-05,Nordics,Metsätori Oy,395235.63,40861.59,354374.04
2025-05,Nordics,Solvik Dagligvaror AB,355712.07,36775.43,318936.64
2025-05,Nordics,Kystvare AS,316188.51,32689.27,283499.24
2025-05,Nordics,Nordkedjan AB,276664.94,28603.11,248061.83
2025-05,Nordics,Kruunutukku Oy,237141.38,24516.95,212624.43
2025-05,Nordics,Other,3003790.82,310548.07,2693242.75
2025-05,Central Europe,Rheinkauf Gruppe,1200410.39,48904.71,1151505.68
2025-05,Central Europe,Vantoria Handel GmbH,308676.96,12575.50,296101.46
2025-05,Central Europe,Bergmühle Grosshandel,240082.08,9780.94,230301.14
2025-05,Central Europe,Delta Benelux B.V.,205784.64,8383.66,197400.98
2025-05,Central Europe,Kronberg Drogerie GmbH,171487.20,6986.39,164500.81
2025-05,Central Europe,Nieuwmarkt Wholesale B.V.,154338.48,6287.75,148050.73
2025-05,Central Europe,Alpenweg Vertrieb GmbH,137189.76,5589.11,131600.65
2025-05,Central Europe,Rheinberg Fachhandel,120041.04,4890.47,115150.57
2025-05,Central Europe,Van Duijn Groothandel B.V.,102892.32,4191.83,98700.49
2025-05,Central Europe,Feldkirch Distribution GmbH,85743.60,3493.19,82250.41
2025-05,Central Europe,Other,703097.52,28644.18,674453.34
2025-05,Baltics & Poland,Balticum Retail,482588.51,71764.09,410824.42
2025-05,Baltics & Poland,Polska Handlowa Sp. z o.o.,408344.12,60723.46,347620.66
2025-05,Baltics & Poland,Sūduvos Prekyba,334099.74,49682.83,284416.91
2025-05,Baltics & Poland,Poznańska Grupa Detaliczna,259855.35,24930.46,234924.89
2025-05,Baltics & Poland,Rīgas Mazumtirdzniecība,222733.16,21368.96,201364.20
2025-05,Baltics & Poland,Läänemere Kaubad,185610.96,17807.47,167803.49
2025-05,Baltics & Poland,Gdańska Sieć Detaliczna,167049.87,16026.72,151023.15
2025-05,Baltics & Poland,Kauno Diskontas,148488.77,14245.97,134242.80
2025-05,Baltics & Poland,Pärnu Kaubad,129927.67,12465.23,117462.44
2025-05,Baltics & Poland,Klaipėda Market,111366.58,10684.48,100682.10
2025-05,Baltics & Poland,Other,1262154.55,121090.78,1141063.77
2025-06,Nordics,Norrhandel,988286.49,100376.03,887910.46
2025-06,Nordics,Praktik Apotek,741214.87,75282.02,665932.85
2025-06,Nordics,Berghav AS,658857.66,66917.35,591940.31
2025-06,Nordics,Björkgrossisten AB,576500.45,58552.68,517947.77
2025-06,Nordics,Havneby Detalj A/S,494143.25,50188.01,443955.24
2025-06,Nordics,Metsätori Oy,411786.04,41823.34,369962.70
2025-06,Nordics,Solvik Dagligvaror AB,370607.44,37641.01,332966.43
2025-06,Nordics,Kystvare AS,329428.83,33458.68,295970.15
2025-06,Nordics,Nordkedjan AB,288250.23,29276.34,258973.89
2025-06,Nordics,Kruunutukku Oy,247071.62,25094.01,221977.61
2025-06,Nordics,Other,3129573.89,317857.42,2811716.47
2025-06,Central Europe,Rheinkauf Gruppe,1211673.89,52404.75,1159269.14
2025-06,Central Europe,Vantoria Handel GmbH,311573.29,13475.51,298097.78
2025-06,Central Europe,Bergmühle Grosshandel,242334.78,10480.95,231853.83
2025-06,Central Europe,Delta Benelux B.V.,207715.52,8983.67,198731.85
2025-06,Central Europe,Kronberg Drogerie GmbH,173096.27,7486.39,165609.88
2025-06,Central Europe,Nieuwmarkt Wholesale B.V.,155786.64,6737.75,149048.89
2025-06,Central Europe,Alpenweg Vertrieb GmbH,138477.02,5989.11,132487.91
2025-06,Central Europe,Rheinberg Fachhandel,121167.39,5240.48,115926.91
2025-06,Central Europe,Van Duijn Groothandel B.V.,103857.76,4491.84,99365.92
2025-06,Central Europe,Feldkirch Distribution GmbH,86548.13,3743.20,82804.93
2025-06,Central Europe,Other,709694.70,30694.21,679000.49
2025-06,Baltics & Poland,Balticum Retail,533403.94,84000.54,449403.40
2025-06,Baltics & Poland,Polska Handlowa Sp. z o.o.,451341.80,71077.38,380264.42
2025-06,Baltics & Poland,Sūduvos Prekyba,369279.65,58154.22,311125.43
2025-06,Baltics & Poland,Poznańska Grupa Detaliczna,287217.51,29181.33,258036.18
2025-06,Baltics & Poland,Rīgas Mazumtirdzniecība,246186.44,25012.57,221173.87
2025-06,Baltics & Poland,Läänemere Kaubad,205155.36,20843.81,184311.55
2025-06,Baltics & Poland,Gdańska Sieć Detaliczna,184639.83,18759.43,165880.40
2025-06,Baltics & Poland,Kauno Diskontas,164124.29,16675.05,147449.24
2025-06,Baltics & Poland,Pärnu Kaubad,143608.75,14590.66,129018.09
2025-06,Baltics & Poland,Klaipėda Market,123093.22,12506.28,110586.94
2025-06,Baltics & Poland,Other,1395056.47,141737.89,1253318.58
2025-07,Nordics,Norrhandel,956945.12,91950.14,864994.98
2025-07,Nordics,Praktik Apotek,717708.84,68962.61,648746.23
2025-07,Nordics,Berghav AS,637963.42,61300.10,576663.32
2025-07,Nordics,Björkgrossisten AB,558217.99,53637.58,504580.41
2025-07,Nordics,Havneby Detalj A/S,478472.56,45975.07,432497.49
2025-07,Nordics,Metsätori Oy,398727.14,38312.56,360414.58
2025-07,Nordics,Solvik Dagligvaror AB,358854.42,34481.30,324373.12
2025-07,Nordics,Kystvare AS,318981.71,30650.05,288331.66
2025-07,Nordics,Nordkedjan AB,279108.99,26818.79,252290.20
2025-07,Nordics,Kruunutukku Oy,239236.28,22987.54,216248.74
2025-07,Nordics,Other,3030326.23,291175.46,2739150.77
2025-07,Central Europe,Rheinkauf Gruppe,1237378.20,48912.30,1188465.90
2025-07,Central Europe,Vantoria Handel GmbH,318182.96,12577.45,305605.51
2025-07,Central Europe,Bergmühle Grosshandel,247475.64,9782.46,237693.18
2025-07,Central Europe,Delta Benelux B.V.,212121.98,8384.97,203737.01
2025-07,Central Europe,Kronberg Drogerie GmbH,176768.31,6987.47,169780.84
2025-07,Central Europe,Nieuwmarkt Wholesale B.V.,159091.48,6288.72,152802.76
2025-07,Central Europe,Alpenweg Vertrieb GmbH,141414.65,5589.98,135824.67
2025-07,Central Europe,Rheinberg Fachhandel,123737.82,4891.23,118846.59
2025-07,Central Europe,Van Duijn Groothandel B.V.,106060.99,4192.48,101868.51
2025-07,Central Europe,Feldkirch Distribution GmbH,88384.16,3493.74,84890.42
2025-07,Central Europe,Other,724750.09,28648.64,696101.45
2025-07,Baltics & Poland,Balticum Retail,467078.03,78042.24,389035.79
2025-07,Baltics & Poland,Polska Handlowa Sp. z o.o.,395219.87,66035.74,329184.13
2025-07,Baltics & Poland,Sūduvos Prekyba,323361.71,54029.24,269332.47
2025-07,Baltics & Poland,Poznańska Grupa Detaliczna,251503.55,27111.45,224392.10
2025-07,Baltics & Poland,Rīgas Mazumtirdzniecība,215574.47,23238.38,192336.09
2025-07,Baltics & Poland,Läänemere Kaubad,179645.40,19365.32,160280.08
2025-07,Baltics & Poland,Gdańska Sieć Detaliczna,161680.86,17428.79,144252.07
2025-07,Baltics & Poland,Kauno Diskontas,143716.32,15492.26,128224.06
2025-07,Baltics & Poland,Pärnu Kaubad,125751.78,13555.72,112196.06
2025-07,Baltics & Poland,Klaipėda Market,107787.24,11619.19,96168.05
2025-07,Baltics & Poland,Other,1221588.69,131684.18,1089904.51
2025-08,Nordics,Norrhandel,979750.23,97846.01,881904.22
2025-08,Nordics,Praktik Apotek,734812.67,73384.50,661428.17
2025-08,Nordics,Berghav AS,653166.82,65230.67,587936.15
2025-08,Nordics,Björkgrossisten AB,571520.97,57076.84,514444.13
2025-08,Nordics,Havneby Detalj A/S,489875.11,48923.00,440952.11
2025-08,Nordics,Metsätori Oy,408229.26,40769.17,367460.09
2025-08,Nordics,Solvik Dagligvaror AB,367406.34,36692.25,330714.09
2025-08,Nordics,Kystvare AS,326583.41,32615.34,293968.07
2025-08,Nordics,Nordkedjan AB,285760.48,28538.42,257222.06
2025-08,Nordics,Kruunutukku Oy,244937.56,24461.50,220476.06
2025-08,Nordics,Other,3102542.39,309845.68,2792696.71
2025-08,Central Europe,Rheinkauf Gruppe,1203677.26,45793.83,1157883.43
2025-08,Central Europe,Vantoria Handel GmbH,309517.01,11775.56,297741.45
2025-08,Central Europe,Bergmühle Grosshandel,240735.45,9158.77,231576.68
2025-08,Central Europe,Delta Benelux B.V.,206344.67,7850.37,198494.30
2025-08,Central Europe,Kronberg Drogerie GmbH,171953.89,6541.98,165411.91
2025-08,Central Europe,Nieuwmarkt Wholesale B.V.,154758.50,5887.78,148870.72
2025-08,Central Europe,Alpenweg Vertrieb GmbH,137563.11,5233.58,132329.53
2025-08,Central Europe,Rheinberg Fachhandel,120367.73,4579.38,115788.35
2025-08,Central Europe,Van Duijn Groothandel B.V.,103172.34,3925.18,99247.16
2025-08,Central Europe,Feldkirch Distribution GmbH,85976.95,3270.99,82705.96
2025-08,Central Europe,Other,705010.97,26822.10,678188.87
2025-08,Baltics & Poland,Balticum Retail,493247.19,89322.75,403924.44
2025-08,Baltics & Poland,Polska Handlowa Sp. z o.o.,417363.00,75580.79,341782.21
2025-08,Baltics & Poland,Sūduvos Prekyba,341478.82,61838.83,279639.99
2025-08,Baltics & Poland,Poznańska Grupa Detaliczna,265594.64,31030.24,234564.40
2025-08,Baltics & Poland,Rīgas Mazumtirdzniecība,227652.55,26597.35,201055.20
2025-08,Baltics & Poland,Läänemere Kaubad,189710.46,22164.46,167546.00
2025-08,Baltics & Poland,Gdańska Sieć Detaliczna,170739.41,19948.01,150791.40
2025-08,Baltics & Poland,Kauno Diskontas,151768.36,17731.56,134036.80
2025-08,Baltics & Poland,Pärnu Kaubad,132797.32,15515.12,117282.20
2025-08,Baltics & Poland,Klaipėda Market,113826.27,13298.67,100527.60
2025-08,Baltics & Poland,Other,1290031.10,150718.29,1139312.81
2025-09,Nordics,Norrhandel,1006689.50,100863.63,905825.87
2025-09,Nordics,Praktik Apotek,755017.13,75647.72,679369.41
2025-09,Nordics,Berghav AS,671126.33,67242.42,603883.91
2025-09,Nordics,Björkgrossisten AB,587235.54,58837.11,528398.43
2025-09,Nordics,Havneby Detalj A/S,503344.75,50431.81,452912.94
2025-09,Nordics,Metsätori Oy,419453.96,42026.51,377427.45
2025-09,Nordics,Solvik Dagligvaror AB,377508.56,37823.86,339684.70
2025-09,Nordics,Kystvare AS,335563.17,33621.21,301941.96
2025-09,Nordics,Nordkedjan AB,293617.77,29418.56,264199.21
2025-09,Nordics,Kruunutukku Oy,251672.38,25215.91,226456.47
2025-09,Nordics,Other,3187850.09,319401.48,2868448.61
2025-09,Central Europe,Rheinkauf Gruppe,1266679.58,49028.48,1217651.10
2025-09,Central Europe,Vantoria Handel GmbH,325717.61,12607.32,313110.29
2025-09,Central Europe,Bergmühle Grosshandel,253335.92,9805.70,243530.22
2025-09,Central Europe,Delta Benelux B.V.,217145.07,8404.88,208740.19
2025-09,Central Europe,Kronberg Drogerie GmbH,180954.23,7004.07,173950.16
2025-09,Central Europe,Nieuwmarkt Wholesale B.V.,162858.80,6303.66,156555.14
2025-09,Central Europe,Alpenweg Vertrieb GmbH,144763.38,5603.26,139160.12
2025-09,Central Europe,Rheinberg Fachhandel,126667.96,4902.85,121765.11
2025-09,Central Europe,Van Duijn Groothandel B.V.,108572.53,4202.44,104370.09
2025-09,Central Europe,Feldkirch Distribution GmbH,90477.11,3502.03,86975.08
2025-09,Central Europe,Other,741912.32,28716.68,713195.64
2025-09,Baltics & Poland,Balticum Retail,509008.54,98679.59,410328.95
2025-09,Baltics & Poland,Polska Handlowa Sp. z o.o.,430699.53,83498.11,347201.42
2025-09,Baltics & Poland,Sūduvos Prekyba,352390.52,68316.64,284073.88
2025-09,Baltics & Poland,Poznańska Grupa Detaliczna,274081.52,34280.75,239800.77
2025-09,Baltics & Poland,Rīgas Mazumtirdzniecība,234927.02,29383.50,205543.52
2025-09,Baltics & Poland,Läänemere Kaubad,195772.51,24486.25,171286.26
2025-09,Baltics & Poland,Gdańska Sieć Detaliczna,176195.26,22037.62,154157.64
2025-09,Baltics & Poland,Kauno Diskontas,156618.01,19589.00,137029.01
2025-09,Baltics & Poland,Pärnu Kaubad,137040.76,17140.37,119900.39
2025-09,Baltics & Poland,Klaipėda Market,117463.51,14691.75,102771.76
2025-09,Baltics & Poland,Other,1331253.09,166506.50,1164746.59
2025-10,Nordics,Norrhandel,1021432.81,100160.15,921272.66
2025-10,Nordics,Praktik Apotek,766074.61,75120.11,690954.50
2025-10,Nordics,Berghav AS,680955.21,66773.43,614181.78
2025-10,Nordics,Björkgrossisten AB,595835.80,58426.75,537409.05
2025-10,Nordics,Havneby Detalj A/S,510716.40,50080.07,460636.33
2025-10,Nordics,Metsätori Oy,425597.00,41733.39,383863.61
2025-10,Nordics,Solvik Dagligvaror AB,383037.30,37560.06,345477.24
2025-10,Nordics,Kystvare AS,340477.60,33386.72,307090.88
2025-10,Nordics,Nordkedjan AB,297917.90,29213.38,268704.52
2025-10,Nordics,Kruunutukku Oy,255358.20,25040.04,230318.16
2025-10,Nordics,Other,3234537.22,317173.81,2917363.41
2025-10,Central Europe,Rheinkauf Gruppe,1287574.58,49595.87,1237978.71
2025-10,Central Europe,Vantoria Handel GmbH,331090.61,12753.22,318337.39
2025-10,Central Europe,Bergmühle Grosshandel,257514.92,9919.17,247595.75
2025-10,Central Europe,Delta Benelux B.V.,220727.07,8502.15,212224.92
2025-10,Central Europe,Kronberg Drogerie GmbH,183939.23,7085.13,176854.10
2025-10,Central Europe,Nieuwmarkt Wholesale B.V.,165545.30,6376.61,159168.69
2025-10,Central Europe,Alpenweg Vertrieb GmbH,147151.38,5668.10,141483.28
2025-10,Central Europe,Rheinberg Fachhandel,128757.46,4959.59,123797.87
2025-10,Central Europe,Van Duijn Groothandel B.V.,110363.53,4251.08,106112.45
2025-10,Central Europe,Feldkirch Distribution GmbH,91969.61,3542.56,88427.05
2025-10,Central Europe,Other,754150.83,29049.01,725101.82
2025-10,Baltics & Poland,Balticum Retail,540865.26,108632.05,432233.21
2025-10,Baltics & Poland,Polska Handlowa Sp. z o.o.,457655.22,91919.43,365735.79
2025-10,Baltics & Poland,Sūduvos Prekyba,374445.18,75206.80,299238.38
2025-10,Baltics & Poland,Poznańska Grupa Detaliczna,291235.14,37738.18,253496.96
2025-10,Baltics & Poland,Rīgas Mazumtirdzniecība,249630.12,32347.01,217283.11
2025-10,Baltics & Poland,Läänemere Kaubad,208025.10,26955.84,181069.26
2025-10,Baltics & Poland,Gdańska Sieć Detaliczna,187222.59,24260.26,162962.33
2025-10,Baltics & Poland,Kauno Diskontas,166420.08,21564.68,144855.40
2025-10,Baltics & Poland,Pärnu Kaubad,145617.57,18869.09,126748.48
2025-10,Baltics & Poland,Klaipėda Market,124815.06,16173.51,108641.55
2025-10,Baltics & Poland,Other,1414570.67,183299.74,1231270.93
2025-11,Nordics,Norrhandel,1068334.45,102939.58,965394.87
2025-11,Nordics,Praktik Apotek,801250.83,77204.69,724046.14
2025-11,Nordics,Berghav AS,712222.96,68626.39,643596.57
2025-11,Nordics,Björkgrossisten AB,623195.09,60048.09,563147.00
2025-11,Nordics,Havneby Detalj A/S,534167.22,51469.79,482697.43
2025-11,Nordics,Metsätori Oy,445139.35,42891.49,402247.86
2025-11,Nordics,Solvik Dagligvaror AB,400625.42,38602.34,362023.08
2025-11,Nordics,Kystvare AS,356111.48,34313.19,321798.29
2025-11,Nordics,Nordkedjan AB,311597.55,30024.05,281573.50
2025-11,Nordics,Kruunutukku Oy,267083.61,25734.90,241348.71
2025-11,Nordics,Other,3383059.07,325975.35,3057083.72
2025-11,Central Europe,Rheinkauf Gruppe,1349134.25,60325.87,1288808.38
2025-11,Central Europe,Vantoria Handel GmbH,346920.24,15512.37,331407.87
2025-11,Central Europe,Bergmühle Grosshandel,269826.85,12065.17,257761.68
2025-11,Central Europe,Delta Benelux B.V.,231280.16,10341.58,220938.58
2025-11,Central Europe,Kronberg Drogerie GmbH,192733.46,8617.98,184115.48
2025-11,Central Europe,Nieuwmarkt Wholesale B.V.,173460.12,7756.18,165703.94
2025-11,Central Europe,Alpenweg Vertrieb GmbH,154186.77,6894.39,147292.38
2025-11,Central Europe,Rheinberg Fachhandel,134913.42,6032.59,128880.83
2025-11,Central Europe,Van Duijn Groothandel B.V.,115640.08,5170.79,110469.29
2025-11,Central Europe,Feldkirch Distribution GmbH,96366.73,4308.99,92057.74
2025-11,Central Europe,Other,790207.20,35333.72,754873.48
2025-11,Baltics & Poland,Balticum Retail,596711.93,125822.97,470888.96
2025-11,Baltics & Poland,Polska Handlowa Sp. z o.o.,504910.09,106465.59,398444.50
2025-11,Baltics & Poland,Sūduvos Prekyba,413108.26,87108.21,326000.05
2025-11,Baltics & Poland,Poznańska Grupa Detaliczna,321306.42,43710.21,277596.21
2025-11,Baltics & Poland,Rīgas Mazumtirdzniecība,275405.51,37465.90,237939.61
2025-11,Baltics & Poland,Läänemere Kaubad,229504.59,31221.58,198283.01
2025-11,Baltics & Poland,Gdańska Sieć Detaliczna,206554.13,28099.42,178454.71
2025-11,Baltics & Poland,Kauno Diskontas,183603.67,24977.27,158626.40
2025-11,Baltics & Poland,Pärnu Kaubad,160653.21,21855.11,138798.10
2025-11,Baltics & Poland,Klaipėda Market,137702.75,18732.95,118969.80
2025-11,Baltics & Poland,Other,1560631.20,212306.75,1348324.45
2025-12,Nordics,Norrhandel,1180074.39,114489.71,1065584.68
2025-12,Nordics,Praktik Apotek,885055.79,85867.28,799188.51
2025-12,Nordics,Berghav AS,786716.26,76326.47,710389.79
2025-12,Nordics,Björkgrossisten AB,688376.73,66785.67,621591.06
2025-12,Nordics,Havneby Detalj A/S,590037.20,57244.86,532792.34
2025-12,Nordics,Metsätori Oy,491697.66,47704.05,443993.61
2025-12,Nordics,Solvik Dagligvaror AB,442527.90,42933.64,399594.26
2025-12,Nordics,Kystvare AS,393358.13,38163.24,355194.89
2025-12,Nordics,Nordkedjan AB,344188.36,33392.83,310795.53
2025-12,Nordics,Kruunutukku Oy,295018.60,28622.43,266396.17
2025-12,Nordics,Other,3736902.24,362550.76,3374351.48
2025-12,Central Europe,Rheinkauf Gruppe,1473117.59,55169.22,1417948.37
2025-12,Central Europe,Vantoria Handel GmbH,378801.67,14186.37,364615.30
2025-12,Central Europe,Bergmühle Grosshandel,294623.52,11033.85,283589.67
2025-12,Central Europe,Delta Benelux B.V.,252534.44,9457.58,243076.86
2025-12,Central Europe,Kronberg Drogerie GmbH,210445.37,7881.32,202564.05
2025-12,Central Europe,Nieuwmarkt Wholesale B.V.,189400.83,7093.19,182307.64
2025-12,Central Europe,Alpenweg Vertrieb GmbH,168356.30,6305.05,162051.25
2025-12,Central Europe,Rheinberg Fachhandel,147311.76,5516.92,141794.84
2025-12,Central Europe,Van Duijn Groothandel B.V.,126267.22,4728.79,121538.43
2025-12,Central Europe,Feldkirch Distribution GmbH,105222.68,3940.66,101282.02
2025-12,Central Europe,Other,862826.02,32313.40,830512.62
2025-12,Baltics & Poland,Balticum Retail,683404.55,153635.60,529768.95
2025-12,Baltics & Poland,Polska Handlowa Sp. z o.o.,578265.39,129999.36,448266.03
2025-12,Baltics & Poland,Sūduvos Prekyba,473126.22,106363.11,366763.11
2025-12,Baltics & Poland,Poznańska Grupa Detaliczna,367987.06,53372.17,314614.89
2025-12,Baltics & Poland,Rīgas Mazumtirdzniecība,315417.48,45747.57,269669.91
2025-12,Baltics & Poland,Läänemere Kaubad,262847.90,38122.98,224724.92
2025-12,Baltics & Poland,Gdańska Sieć Detaliczna,236563.11,34310.68,202252.43
2025-12,Baltics & Poland,Kauno Diskontas,210278.32,30498.38,179779.94
2025-12,Baltics & Poland,Pärnu Kaubad,183993.53,26686.09,157307.44
2025-12,Baltics & Poland,Klaipėda Market,157708.74,22873.79,134834.95
2025-12,Baltics & Poland,Other,1787365.73,259236.26,1528129.47
