month,bu,customer,receivables_closing,collections
2024-01,Nordics,Norrhandel,704740.75,1036035.20
2024-01,Nordics,Praktik Apotek,494203.90,811378.07
2024-01,Nordics,Berghav AS,454228.85,706288.46
2024-01,Nordics,Björkgrossisten AB,417858.56,597594.08
2024-01,Nordics,Havneby Detalj A/S,356920.45,513467.52
2024-01,Nordics,Metsätori Oy,312694.03,412629.28
2024-01,Nordics,Solvik Dagligvaror AB,275083.28,377707.69
2024-01,Nordics,Kystvare AS,265600.06,314658.58
2024-01,Nordics,Nordkedjan AB,209938.96,297787.36
2024-01,Nordics,Kruunutukku Oy,176024.10,259169.89
2024-01,Nordics,Other,2520779.52,2991677.65
2024-01,Central Europe,Rheinkauf Gruppe,1662259.39,1245572.61
2024-01,Central Europe,Vantoria Handel GmbH,409825.07,337903.17
2024-01,Central Europe,Bergmühle Grosshandel,297079.56,284486.84
2024-01,Central Europe,Delta Benelux B.V.,290474.31,173671.16
2024-01,Central Europe,Kronberg Drogerie GmbH,186210.26,200577.62
2024-01,Central Europe,Nieuwmarkt Wholesale B.V.,214668.46,133440.63
2024-01,Central Europe,Alpenweg Vertrieb GmbH,199993.47,132330.18
2024-01,Central Europe,Rheinberg Fachhandel,145071.43,125680.09
2024-01,Central Europe,Van Duijn Groothandel B.V.,122823.82,109248.91
2024-01,Central Europe,Feldkirch Distribution GmbH,116915.54,90786.74
2024-01,Central Europe,Other,986913.57,716245.18
2024-01,Baltics & Poland,Balticum Retail,276639.11,404721.31
2024-01,Baltics & Poland,Polska Handlowa Sp. z o.o.,299390.15,327511.02
2024-01,Baltics & Poland,Sūduvos Prekyba,211452.28,260258.78
2024-01,Baltics & Poland,Poznańska Grupa Detaliczna,193747.16,205189.93
2024-01,Baltics & Poland,Rīgas Mazumtirdzniecība,130521.87,183952.16
2024-01,Baltics & Poland,Läänemere Kaubad,108087.15,153974.54
2024-01,Baltics & Poland,Gdańska Sieć Detaliczna,121138.23,135321.34
2024-01,Baltics & Poland,Kauno Diskontas,77144.91,132504.44
2024-01,Baltics & Poland,Pärnu Kaubad,80103.95,103339.25
2024-01,Baltics & Poland,Klaipėda Market,65763.26,91473.76
2024-01,Baltics & Poland,Other,855449.73,988839.80
2024-02,Nordics,Norrhandel,717195.32,766787.40
2024-02,Nordics,Praktik Apotek,601078.36,477557.01
2024-02,Nordics,Berghav AS,553037.10,420686.39
2024-02,Nordics,Björkgrossisten AB,399924.33,472492.05
2024-02,Nordics,Havneby Detalj A/S,409134.49,337406.94
2024-02,Nordics,Metsätori Oy,344387.87,292990.31
2024-02,Nordics,Solvik Dagligvaror AB,279352.40,287946.62
2024-02,Nordics,Kystvare AS,270526.94,254820.45
2024-02,Nordics,Nordkedjan AB,224659.57,212558.29
2024-02,Nordics,Kruunutukku Oy,200540.75,170293.84
2024-02,Nordics,Other,2498409.46,2489969.61
2024-02,Central Europe,Rheinkauf Gruppe,1570320.05,1120652.87
2024-02,Central Europe,Vantoria Handel GmbH,373923.53,300427.88
2024-02,Central Europe,Bergmühle Grosshandel,303305.35,199516.92
2024-02,Central Europe,Delta Benelux B.V.,254953.00,211872.20
2024-02,Central Europe,Kronberg Drogerie GmbH,207983.58,125185.76
2024-02,Central Europe,Nieuwmarkt Wholesale B.V.,196895.52,150036.11
2024-02,Central Europe,Alpenweg Vertrieb GmbH,173287.83,144272.90
2024-02,Central Europe,Rheinberg Fachhandel,132116.64,115826.14
2024-02,Central Europe,Van Duijn Groothandel B.V.,121546.55,89452.72
2024-02,Central Europe,Feldkirch Distribution GmbH,109158.68,81236.39
2024-02,Central Europe,Other,861024.07,728421.71
2024-02,Baltics & Poland,Balticum Retail,331688.86,258007.78
2024-02,Baltics & Poland,Polska Handlowa Sp. z o.o.,323339.15,240945.82
2024-02,Baltics & Poland,Sūduvos Prekyba,227510.96,200673.45
2024-02,Baltics & Poland,Poznańska Grupa Detaliczna,200135.91,162180.68
2024-02,Baltics & Poland,Rīgas Mazumtirdzniecība,123368.33,151641.63
2024-02,Baltics & Poland,Läänemere Kaubad,133436.58,95057.31
2024-02,Baltics & Poland,Gdańska Sieć Detaliczna,121610.15,107894.15
2024-02,Baltics & Poland,Kauno Diskontas,99070.48,74399.82
2024-02,Baltics & Poland,Pärnu Kaubad,87933.49,76455.18
2024-02,Baltics & Poland,Klaipėda Market,76325.08,61682.22
2024-02,Baltics & Poland,Other,864108.62,810106.94
2024-03,Nordics,Norrhandel,750656.00,774534.58
2024-03,Nordics,Praktik Apotek,587817.75,619257.06
2024-03,Nordics,Berghav AS,469660.55,622040.06
2024-03,Nordics,Björkgrossisten AB,447696.14,423558.76
2024-03,Nordics,Havneby Detalj A/S,397645.86,415486.26
2024-03,Nordics,Metsätori Oy,338566.64,342485.92
2024-03,Nordics,Solvik Dagligvaror AB,314333.28,268017.34
2024-03,Nordics,Kystvare AS,302517.85,237340.84
2024-03,Nordics,Nordkedjan AB,250280.08,210044.77
2024-03,Nordics,Kruunutukku Oy,204532.71,198006.86
2024-03,Nordics,Other,2639158.58,2417902.55
2024-03,Central Europe,Rheinkauf Gruppe,1601351.26,1034079.47
2024-03,Central Europe,Vantoria Handel GmbH,429094.81,218714.32
2024-03,Central Europe,Bergmühle Grosshandel,314222.78,202104.70
2024-03,Central Europe,Delta Benelux B.V.,280058.28,157485.12
2024-03,Central Europe,Kronberg Drogerie GmbH,192097.45,168044.80
2024-03,Central Europe,Nieuwmarkt Wholesale B.V.,212637.77,121200.55
2024-03,Central Europe,Alpenweg Vertrieb GmbH,189170.89,105843.88
2024-03,Central Europe,Rheinberg Fachhandel,154074.54,84553.17
2024-03,Central Europe,Van Duijn Groothandel B.V.,115384.08,97457.67
2024-03,Central Europe,Feldkirch Distribution GmbH,107013.31,78224.70
2024-03,Central Europe,Other,926829.07,558045.53
2024-03,Baltics & Poland,Balticum Retail,320866.61,325820.63
2024-03,Baltics & Poland,Polska Handlowa Sp. z o.o.,347893.08,241983.16
2024-03,Baltics & Poland,Sūduvos Prekyba,210296.51,235290.26
2024-03,Baltics & Poland,Poznańska Grupa Detaliczna,187509.64,182240.78
2024-03,Baltics & Poland,Rīgas Mazumtirdzniecība,140071.80,128680.39
2024-03,Baltics & Poland,Läänemere Kaubad,119426.42,135163.39
2024-03,Baltics & Poland,Gdańska Sieć Detaliczna,124845.68,105802.37
2024-03,Baltics & Poland,Kauno Diskontas,111519.03,84474.03
2024-03,Baltics & Poland,Pärnu Kaubad,75714.87,97025.88
2024-03,Baltics & Poland,Klaipėda Market,68954.45,80062.56
2024-03,Baltics & Poland,Other,825512.28,862438.26
2024-04,Nordics,Norrhandel,721136.48,850759.41
2024-04,Nordics,Praktik Apotek,571758.06,631989.61
2024-04,Nordics,Berghav AS,588036.35,429117.46
2024-04,Nordics,Björkgrossisten AB,450022.49,476730.26
2024-04,Nordics,Havneby Detalj A/S,402224.21,406041.59
2024-04,Nordics,Metsätori Oy,350981.70,329768.22
2024-04,Nordics,Solvik Dagligvaror AB,317592.28,304705.96
2024-04,Nordics,Kystvare AS,259814.03,316450.45
2024-04,Nordics,Nordkedjan AB,239011.92,250796.46
2024-04,Nordics,Kruunutukku Oy,213785.89,196056.79
2024-04,Nordics,Other,2555653.14,2684098.43
2024-04,Central Europe,Rheinkauf Gruppe,1704874.68,979389.48
2024-04,Central Europe,Vantoria Handel GmbH,426971.78,280586.34
2024-04,Central Europe,Bergmühle Grosshandel,316441.30,214364.05
2024-04,Central Europe,Delta Benelux B.V.,288861.61,176838.89
2024-04,Central Europe,Kronberg Drogerie GmbH,194831.73,151967.57
2024-04,Central Europe,Nieuwmarkt Wholesale B.V.,212732.74,139136.69
2024-04,Central Europe,Alpenweg Vertrieb GmbH,186872.51,126059.86
2024-04,Central Europe,Rheinberg Fachhandel,143889.96,118475.87
2024-04,Central Europe,Van Duijn Groothandel B.V.,113803.74,94401.45
2024-04,Central Europe,Feldkirch Distribution GmbH,104301.05,80063.18
2024-04,Central Europe,Other,942596.76,618509.86
2024-04,Baltics & Poland,Balticum Retail,308449.95,335910.30
2024-04,Baltics & Poland,Polska Handlowa Sp. z o.o.,307898.13,313720.33
2024-04,Baltics & Poland,Sūduvos Prekyba,217937.72,216315.92
2024-04,Baltics & Poland,Poznańska Grupa Detaliczna,202870.48,158828.04
2024-04,Baltics & Poland,Rīgas Mazumtirdzniecība,161244.41,128132.15
2024-04,Baltics & Poland,Läänemere Kaubad,109486.18,134360.87
2024-04,Baltics & Poland,Gdańska Sieć Detaliczna,144839.97,91984.28
2024-04,Baltics & Poland,Kauno Diskontas,103671.46,107384.08
2024-04,Baltics & Poland,Pärnu Kaubad,82317.59,80491.72
2024-04,Baltics & Poland,Klaipėda Market,82684.24,60922.59
2024-04,Baltics & Poland,Other,848430.94,823141.63
2024-05,Nordics,Norrhandel,878914.08,681178.85
2024-05,Nordics,Praktik Apotek,605954.24,595021.16
2024-05,Nordics,Berghav AS,557249.71,590090.94
2024-05,Nordics,Björkgrossisten AB,460966.89,478446.86
2024-05,Nordics,Havneby Detalj A/S,422344.08,399358.36
2024-05,Nordics,Metsätori Oy,356496.40,344050.49
2024-05,Nordics,Solvik Dagligvaror AB,314910.07,317290.88
2024-05,Nordics,Kystvare AS,253940.01,285526.17
2024-05,Nordics,Nordkedjan AB,253170.05,230537.51
2024-05,Nordics,Kruunutukku Oy,211544.11,211980.89
2024-05,Nordics,Other,2667565.60,2544782.96
2024-05,Central Europe,Rheinkauf Gruppe,1678857.56,1170274.17
2024-05,Central Europe,Vantoria Handel GmbH,444700.42,276508.89
2024-05,Central Europe,Bergmühle Grosshandel,366178.13,179114.58
2024-05,Central Europe,Delta Benelux B.V.,304965.56,180054.40
2024-05,Central Europe,Kronberg Drogerie GmbH,214629.33,143667.69
2024-05,Central Europe,Nieuwmarkt Wholesale B.V.,194668.32,165183.18
2024-05,Central Europe,Alpenweg Vertrieb GmbH,196436.44,121208.31
2024-05,Central Europe,Rheinberg Fachhandel,159843.28,98472.38
2024-05,Central Europe,Van Duijn Groothandel B.V.,130633.11,81249.80
2024-05,Central Europe,Feldkirch Distribution GmbH,121182.04,64851.66
2024-05,Central Europe,Other,975772.86,637031.60
2024-05,Baltics & Poland,Balticum Retail,308547.41,327353.47
2024-05,Baltics & Poland,Polska Handlowa Sp. z o.o.,322387.51,262584.48
2024-05,Baltics & Poland,Sūduvos Prekyba,234776.13,209858.38
2024-05,Baltics & Poland,Poznańska Grupa Detaliczna,181758.84,197431.37
2024-05,Baltics & Poland,Rīgas Mazumtirdzniecība,156636.33,155739.28
2024-05,Baltics & Poland,Läänemere Kaubad,141644.96,93783.89
2024-05,Baltics & Poland,Gdańska Sieć Detaliczna,119059.49,139128.88
2024-05,Baltics & Poland,Kauno Diskontas,110531.36,93894.23
2024-05,Baltics & Poland,Pärnu Kaubad,95347.38,75130.07
2024-05,Baltics & Poland,Klaipėda Market,72117.02,86132.83
2024-05,Baltics & Poland,Other,994434.07,710406.99
2024-06,Nordics,Norrhandel,958337.86,777740.71
2024-06,Nordics,Praktik Apotek,687812.26,561015.35
2024-06,Nordics,Berghav AS,526017.26,602675.44
2024-06,Nordics,Björkgrossisten AB,565296.21,395683.30
2024-06,Nordics,Havneby Detalj A/S,476027.66,374898.67
2024-06,Nordics,Metsätori Oy,354972.29,358675.98
2024-06,Nordics,Solvik Dagligvaror AB,304507.98,331838.78
2024-06,Nordics,Kystvare AS,266781.30,272880.20
2024-06,Nordics,Nordkedjan AB,246739.49,256436.87
2024-06,Nordics,Kruunutukku Oy,225739.57,200095.66
2024-06,Nordics,Other,2733399.92,2648519.90
2024-06,Central Europe,Rheinkauf Gruppe,1660247.82,1132068.11
2024-06,Central Europe,Vantoria Handel GmbH,457901.72,273116.56
2024-06,Central Europe,Bergmühle Grosshandel,345493.09,243376.72
2024-06,Central Europe,Delta Benelux B.V.,312213.25,183630.89
2024-06,Central Europe,Kronberg Drogerie GmbH,212571.02,161123.79
2024-06,Central Europe,Nieuwmarkt Wholesale B.V.,209021.27,128805.99
2024-06,Central Europe,Alpenweg Vertrieb GmbH,195803.27,127885.55
2024-06,Central Europe,Rheinberg Fachhandel,151481.95,119707.17
2024-06,Central Europe,Van Duijn Groothandel B.V.,127912.63,98159.77
2024-06,Central Europe,Feldkirch Distribution GmbH,122164.44,78550.34
2024-06,Central Europe,Other,1022585.14,605356.19
2024-06,Baltics & Poland,Balticum Retail,297357.41,345236.80
2024-06,Baltics & Poland,Polska Handlowa Sp. z o.o.,362490.22,242552.28
2024-06,Baltics & Poland,Sūduvos Prekyba,218503.85,247535.45
2024-06,Baltics & Poland,Poznańska Grupa Detaliczna,211746.59,149883.60
2024-06,Baltics & Poland,Rīgas Mazumtirdzniecība,156683.36,154128.42
2024-06,Baltics & Poland,Läänemere Kaubad,134209.03,135915.47
2024-06,Baltics & Poland,Gdańska Sieć Detaliczna,138299.67,96391.41
2024-06,Baltics & Poland,Kauno Diskontas,104012.26,109302.73
2024-06,Baltics & Poland,Pärnu Kaubad,91621.82,93661.23
2024-06,Baltics & Poland,Klaipėda Market,73577.19,75627.55
2024-06,Baltics & Poland,Other,921824.14,946270.79
2024-07,Nordics,Norrhandel,912893.92,876888.44
2024-07,Nordics,Praktik Apotek,649424.18,661971.45
2024-07,Nordics,Berghav AS,532748.44,547565.16
2024-07,Nordics,Björkgrossisten AB,486889.72,563415.78
2024-07,Nordics,Havneby Detalj A/S,378574.52,513175.39
2024-07,Nordics,Metsätori Oy,334175.52,367231.98
2024-07,Nordics,Solvik Dagligvaror AB,314575.96,301723.70
2024-07,Nordics,Kystvare AS,289728.35,254201.12
2024-07,Nordics,Nordkedjan AB,236973.06,252271.07
2024-07,Nordics,Kruunutukku Oy,209212.49,224388.21
2024-07,Nordics,Other,2671831.08,2694476.42
2024-07,Central Europe,Rheinkauf Gruppe,1874337.20,902800.31
2024-07,Central Europe,Vantoria Handel GmbH,484046.59,261055.34
2024-07,Central Europe,Bergmühle Grosshandel,345503.52,223367.51
2024-07,Central Europe,Delta Benelux B.V.,275880.74,227799.31
2024-07,Central Europe,Kronberg Drogerie GmbH,203006.98,169119.70
2024-07,Central Europe,Nieuwmarkt Wholesale B.V.,216498.59,136122.78
2024-07,Central Europe,Alpenweg Vertrieb GmbH,197187.86,126259.94
2024-07,Central Europe,Rheinberg Fachhandel,154938.72,108232.20
2024-07,Central Europe,Van Duijn Groothandel B.V.,124419.01,99227.02
2024-07,Central Europe,Feldkirch Distribution GmbH,125955.95,75986.33
2024-07,Central Europe,Other,913616.74,763146.65
2024-07,Baltics & Poland,Balticum Retail,334596.34,290882.84
2024-07,Baltics & Poland,Polska Handlowa Sp. z o.o.,296066.85,344064.87
2024-07,Baltics & Poland,Sūduvos Prekyba,220944.07,224721.01
2024-07,Baltics & Poland,Poznańska Grupa Detaliczna,215798.76,172628.78
2024-07,Baltics & Poland,Rīgas Mazumtirdzniecība,161808.27,146315.90
2024-07,Baltics & Poland,Läänemere Kaubad,125611.65,134798.07
2024-07,Baltics & Poland,Gdańska Sieć Detaliczna,119908.67,131971.62
2024-07,Baltics & Poland,Kauno Diskontas,100467.74,104505.07
2024-07,Baltics & Poland,Pärnu Kaubad,77069.53,102892.77
2024-07,Baltics & Poland,Klaipėda Market,83621.17,65676.43
2024-07,Baltics & Poland,Other,1011949.58,768039.20
2024-08,Nordics,Norrhandel,721394.05,1000605.53
2024-08,Nordics,Praktik Apotek,601569.00,654684.42
2024-08,Nordics,Berghav AS,502824.14,569328.08
2024-08,Nordics,Björkgrossisten AB,479912.11,478955.91
2024-08,Nordics,Havneby Detalj A/S,425889.28,357238.08
2024-08,Nordics,Metsätori Oy,388264.72,283038.16
2024-08,Nordics,Solvik Dagligvaror AB,302002.76,315987.82
2024-08,Nordics,Kystvare AS,278901.78,280528.45
2024-08,Nordics,Nordkedjan AB,213854.73,259107.49
2024-08,Nordics,Kruunutukku Oy,213150.17,198338.74
2024-08,Nordics,Other,2697769.66,2536229.35
2024-08,Central Europe,Rheinkauf Gruppe,1673040.13,1286537.69
2024-08,Central Europe,Vantoria Handel GmbH,389935.97,373172.49
2024-08,Central Europe,Bergmühle Grosshandel,314871.67,247679.97
2024-08,Central Europe,Delta Benelux B.V.,281952.05,179969.94
2024-08,Central Europe,Kronberg Drogerie GmbH,204975.59,153065.77
2024-08,Central Europe,Nieuwmarkt Wholesale B.V.,209464.38,146565.15
2024-08,Central Europe,Alpenweg Vertrieb GmbH,207229.87,113985.49
2024-08,Central Europe,Rheinberg Fachhandel,147832.93,115629.85
2024-08,Central Europe,Van Duijn Groothandel B.V.,125472.08,91967.55
2024-08,Central Europe,Feldkirch Distribution GmbH,125763.30,77709.84
2024-08,Central Europe,Other,940182.10,609075.58
2024-08,Baltics & Poland,Balticum Retail,317540.66,342284.48
2024-08,Baltics & Poland,Polska Handlowa Sp. z o.o.,340487.12,230773.32
2024-08,Baltics & Poland,Sūduvos Prekyba,226515.19,219587.27
2024-08,Baltics & Poland,Poznańska Grupa Detaliczna,201271.17,189650.79
2024-08,Baltics & Poland,Rīgas Mazumtirdzniecība,154996.67,156917.20
2024-08,Baltics & Poland,Läänemere Kaubad,121990.67,128708.98
2024-08,Baltics & Poland,Gdańska Sieć Detaliczna,130689.76,101798.11
2024-08,Baltics & Poland,Kauno Diskontas,102636.62,97901.52
2024-08,Baltics & Poland,Pärnu Kaubad,93676.47,70954.66
2024-08,Baltics & Poland,Klaipėda Market,76120.26,82553.71
2024-08,Baltics & Poland,Other,878423.73,984124.24
2024-09,Nordics,Norrhandel,899394.11,682295.12
2024-09,Nordics,Praktik Apotek,670267.45,576522.93
2024-09,Nordics,Berghav AS,604679.79,471674.46
2024-09,Nordics,Björkgrossisten AB,442407.81,539343.16
2024-09,Nordics,Havneby Detalj A/S,375858.06,480178.81
2024-09,Nordics,Metsätori Oy,347656.02,399065.03
2024-09,Nordics,Solvik Dagligvaror AB,293931.16,330682.30
2024-09,Nordics,Kystvare AS,288603.65,277063.19
2024-09,Nordics,Nordkedjan AB,217835.72,246938.44
2024-09,Nordics,Kruunutukku Oy,226816.93,201407.04
2024-09,Nordics,Other,2819093.17,2602944.56
2024-09,Central Europe,Rheinkauf Gruppe,1628757.92,1182473.86
2024-09,Central Europe,Vantoria Handel GmbH,418471.94,264141.88
2024-09,Central Europe,Bergmühle Grosshandel,321704.89,220805.11
2024-09,Central Europe,Delta Benelux B.V.,288279.07,188791.55
2024-09,Central Europe,Kronberg Drogerie GmbH,226983.29,140591.10
2024-09,Central Europe,Nieuwmarkt Wholesale B.V.,220547.16,135256.15
2024-09,Central Europe,Alpenweg Vertrieb GmbH,200121.56,137187.35
2024-09,Central Europe,Rheinberg Fachhandel,159896.93,101755.17
2024-09,Central Europe,Van Duijn Groothandel B.V.,145728.06,77303.30
2024-09,Central Europe,Feldkirch Distribution GmbH,128171.46,78891.25
2024-09,Central Europe,Other,1013462.42,593374.80
2024-09,Baltics & Poland,Balticum Retail,290235.45,372062.82
2024-09,Baltics & Poland,Polska Handlowa Sp. z o.o.,318901.31,313303.78
2024-09,Baltics & Poland,Sūduvos Prekyba,253627.94,211565.59
2024-09,Baltics & Poland,Poznańska Grupa Detaliczna,236033.64,150876.24
2024-09,Baltics & Poland,Rīgas Mazumtirdzniecība,171304.71,142810.85
2024-09,Baltics & Poland,Läänemere Kaubad,141625.03,112964.72
2024-09,Baltics & Poland,Gdańska Sieć Detaliczna,134847.87,115181.06
2024-09,Baltics & Poland,Kauno Diskontas,100309.77,108406.11
2024-09,Baltics & Poland,Pärnu Kaubad,89454.45,97041.37
2024-09,Baltics & Poland,Klaipėda Market,76631.53,79048.18
2024-09,Baltics & Poland,Other,974893.54,805203.93
2024-10,Nordics,Norrhandel,957497.51,817832.03
2024-10,Nordics,Praktik Apotek,606107.38,721111.65
2024-10,Nordics,Berghav AS,611961.59,576675.16
2024-10,Nordics,Björkgrossisten AB,488685.63,464684.51
2024-10,Nordics,Havneby Detalj A/S,444198.36,369627.42
2024-10,Nordics,Metsätori Oy,348771.27,363857.85
2024-10,Nordics,Solvik Dagligvaror AB,296245.47,326161.47
2024-10,Nordics,Kystvare AS,270119.85,310462.27
2024-10,Nordics,Nordkedjan AB,251026.23,222290.66
2024-10,Nordics,Kruunutukku Oy,207238.64,238562.15
2024-10,Nordics,Other,2781826.15,2811062.57
2024-10,Central Europe,Rheinkauf Gruppe,1678010.69,1112342.44
2024-10,Central Europe,Vantoria Handel GmbH,433012.12,284155.73
2024-10,Central Europe,Bergmühle Grosshandel,346696.76,207327.17
2024-10,Central Europe,Delta Benelux B.V.,295414.16,191995.52
2024-10,Central Europe,Kronberg Drogerie GmbH,211404.86,181520.60
2024-10,Central Europe,Nieuwmarkt Wholesale B.V.,230218.43,139676.69
2024-10,Central Europe,Alpenweg Vertrieb GmbH,184088.66,148786.64
2024-10,Central Europe,Rheinberg Fachhandel,154523.71,121532.74
2024-10,Central Europe,Van Duijn Groothandel B.V.,137512.77,107780.59
2024-10,Central Europe,Feldkirch Distribution GmbH,118211.55,92931.00
2024-10,Central Europe,Other,986398.28,707427.04
2024-10,Baltics & Poland,Balticum Retail,328586.26,302405.33
2024-10,Baltics & Poland,Polska Handlowa Sp. z o.o.,338944.64,268288.78
2024-10,Baltics & Poland,Sūduvos Prekyba,226399.44,263136.59
2024-10,Baltics & Poland,Poznańska Grupa Detaliczna,203517.72,215999.99
2024-10,Baltics & Poland,Rīgas Mazumtirdzniecība,167025.25,161551.53
2024-10,Baltics & Poland,Läänemere Kaubad,126324.56,146360.52
2024-10,Baltics & Poland,Gdańska Sieć Detaliczna,121255.54,131546.38
2024-10,Baltics & Poland,Kauno Diskontas,98111.38,107046.43
2024-10,Baltics & Poland,Pärnu Kaubad,100475.21,80721.28
2024-10,Baltics & Poland,Klaipėda Market,77822.76,77444.80
2024-10,Baltics & Poland,Other,1095147.52,770954.37
2024-11,Nordics,Norrhandel,909135.75,986053.99
2024-11,Nordics,Praktik Apotek,704686.88,604689.67
2024-11,Nordics,Berghav AS,553481.76,683607.99
2024-11,Nordics,Björkgrossisten AB,554321.24,481351.53
2024-11,Nordics,Havneby Detalj A/S,514835.15,398209.33
2024-11,Nordics,Metsätori Oy,401265.23,338211.14
2024-11,Nordics,Solvik Dagligvaror AB,364010.54,283869.52
2024-11,Nordics,Kystvare AS,327491.33,255192.60
2024-11,Nordics,Nordkedjan AB,274455.83,250063.97
2024-11,Nordics,Kruunutukku Oy,206165.02,235496.68
2024-11,Nordics,Other,2809186.39,2941998.50
2024-11,Central Europe,Rheinkauf Gruppe,1748756.90,1170213.92
2024-11,Central Europe,Vantoria Handel GmbH,451509.56,300606.59
2024-11,Central Europe,Bergmühle Grosshandel,367031.07,227857.72
2024-11,Central Europe,Delta Benelux B.V.,303682.12,204468.06
2024-11,Central Europe,Kronberg Drogerie GmbH,217176.14,171508.74
2024-11,Central Europe,Nieuwmarkt Wholesale B.V.,240284.06,149486.38
2024-11,Central Europe,Alpenweg Vertrieb GmbH,212153.95,113758.72
2024-11,Central Europe,Rheinberg Fachhandel,166657.79,111961.93
2024-11,Central Europe,Van Duijn Groothandel B.V.,146522.69,97358.09
2024-11,Central Europe,Feldkirch Distribution GmbH,128177.03,78674.53
2024-11,Central Europe,Other,994058.03,719188.32
2024-11,Baltics & Poland,Balticum Retail,343957.92,350567.86
2024-11,Baltics & Poland,Polska Handlowa Sp. z o.o.,353032.81,295552.95
2024-11,Baltics & Poland,Sūduvos Prekyba,222225.76,257516.42
2024-11,Baltics & Poland,Poznańska Grupa Detaliczna,230284.83,170277.25
2024-11,Baltics & Poland,Rīgas Mazumtirdzniecība,184849.89,151070.52
2024-11,Baltics & Poland,Läänemere Kaubad,150778.67,116291.86
2024-11,Baltics & Poland,Gdańska Sieć Detaliczna,149389.63,98537.29
2024-11,Baltics & Poland,Kauno Diskontas,121448.07,89260.08
2024-11,Baltics & Poland,Pärnu Kaubad,97945.25,101052.13
2024-11,Baltics & Poland,Klaipėda Market,91540.94,70729.40
2024-11,Baltics & Poland,Other,953411.03,1098809.07
2024-12,Nordics,Norrhandel,1065673.37,902793.99
2024-12,Nordics,Praktik Apotek,801405.86,697779.73
2024-12,Nordics,Berghav AS,687219.40,572483.44
2024-12,Nordics,Björkgrossisten AB,575736.71,596527.97
2024-12,Nordics,Havneby Detalj A/S,544939.83,499561.13
2024-12,Nordics,Metsätori Oy,447948.22,394705.18
2024-12,Nordics,Solvik Dagligvaror AB,328342.80,432917.10
2024-12,Nordics,Kystvare AS,324280.12,356321.74
2024-12,Nordics,Nordkedjan AB,282479.87,300947.68
2024-12,Nordics,Kruunutukku Oy,288954.93,182043.00
2024-12,Nordics,Other,3367946.13,2795790.37
2024-12,Central Europe,Rheinkauf Gruppe,2060367.33,1050793.82
2024-12,Central Europe,Vantoria Handel GmbH,486960.47,314881.62
2024-12,Central Europe,Bergmühle Grosshandel,365862.09,273649.84
2024-12,Central Europe,Delta Benelux B.V.,318854.18,218382.95
2024-12,Central Europe,Kronberg Drogerie GmbH,264862.72,146942.60
2024-12,Central Europe,Nieuwmarkt Wholesale B.V.,252663.07,162787.25
2024-12,Central Europe,Alpenweg Vertrieb GmbH,237407.97,130449.32
2024-12,Central Europe,Rheinberg Fachhandel,180636.45,122261.76
2024-12,Central Europe,Van Duijn Groothandel B.V.,158218.04,105082.16
2024-12,Central Europe,Feldkirch Distribution GmbH,144473.05,81018.57
2024-12,Central Europe,Other,1193799.54,598238.12
2024-12,Baltics & Poland,Balticum Retail,460354.40,305517.74
2024-12,Baltics & Poland,Polska Handlowa Sp. z o.o.,388835.21,321201.94
2024-12,Baltics & Poland,Sūduvos Prekyba,254772.63,259547.59
2024-12,Baltics & Poland,Poznańska Grupa Detaliczna,259554.70,197914.71
2024-12,Baltics & Poland,Rīgas Mazumtirdzniecība,198769.57,180809.96
2024-12,Baltics & Poland,Läänemere Kaubad,167362.15,145691.22
2024-12,Baltics & Poland,Gdańska Sieć Detaliczna,163949.80,131487.06
2024-12,Baltics & Poland,Kauno Diskontas,140121.18,111146.65
2024-12,Baltics & Poland,Pärnu Kaubad,114936.83,96600.71
2024-12,Baltics & Poland,Klaipėda Market,105619.31,83286.45
2024-12,Baltics & Poland,Other,1037420.67,1019458.33
2025-01,Nordics,Norrhandel,650089.28,1166142.81
2025-01,Nordics,Praktik Apotek,545287.05,819037.85
2025-01,Nordics,Berghav AS,471578.20,716013.69
2025-01,Nordics,Björkgrossisten AB,475234.69,538327.94
2025-01,Nordics,Havneby Detalj A/S,381304.32,538914.88
2025-01,Nordics,Metsätori Oy,283444.51,477236.51
2025-01,Nordics,Solvik Dagligvaror AB,286899.47,322902.85
2025-01,Nordics,Kystvare AS,277468.73,296997.63
2025-01,Nordics,Nordkedjan AB,218409.83,282983.00
2025-01,Nordics,Kruunutukku Oy,192171.13,284423.48
2025-01,Nordics,Other,2372329.83,3372385.58
2025-01,Central Europe,Rheinkauf Gruppe,1635948.22,1412260.48
2025-01,Central Europe,Vantoria Handel GmbH,422184.07,318792.75
2025-01,Central Europe,Bergmühle Grosshandel,330533.36,232897.01
2025-01,Central Europe,Delta Benelux B.V.,287564.79,200633.63
2025-01,Central Europe,Kronberg Drogerie GmbH,212384.27,193598.64
2025-01,Central Europe,Nieuwmarkt Wholesale B.V.,193030.25,186641.00
2025-01,Central Europe,Alpenweg Vertrieb GmbH,203232.13,147072.00
2025-01,Central Europe,Rheinberg Fachhandel,141579.19,137841.39
2025-01,Central Europe,Van Duijn Groothandel B.V.,135115.82,107774.34
2025-01,Central Europe,Feldkirch Distribution GmbH,135643.48,79389.67
2025-01,Central Europe,Other,1037329.72,735062.62
2025-01,Baltics & Poland,Balticum Retail,258410.98,493445.28
2025-01,Baltics & Poland,Polska Handlowa Sp. z o.o.,282758.03,352732.60
2025-01,Baltics & Poland,Sūduvos Prekyba,184864.91,271716.69
2025-01,Baltics & Poland,Poznańska Grupa Detaliczna,199987.90,223209.68
2025-01,Baltics & Poland,Rīgas Mazumtirdzniecība,152017.39,187017.51
2025-01,Baltics & Poland,Läänemere Kaubad,119534.82,164715.10
2025-01,Baltics & Poland,Gdańska Sieć Detaliczna,109101.32,160047.48
2025-01,Baltics & Poland,Kauno Diskontas,87331.65,146299.75
2025-01,Baltics & Poland,Pärnu Kaubad,90749.46,106008.82
2025-01,Baltics & Poland,Klaipėda Market,66313.74,109438.24
2025-01,Baltics & Poland,Other,963048.80,869208.74
2025-02,Nordics,Norrhandel,828853.44,636742.54
2025-02,Nordics,Praktik Apotek,627971.88,528945.20
2025-02,Nordics,Berghav AS,586820.26,428429.08
2025-02,Nordics,Björkgrossisten AB,437569.75,513377.19
2025-02,Nordics,Havneby Detalj A/S,392518.35,396539.33
2025-02,Nordics,Metsätori Oy,363201.00,260037.96
2025-02,Nordics,Solvik Dagligvaror AB,296068.01,296646.47
2025-02,Nordics,Kystvare AS,319495.01,229809.28
2025-02,Nordics,Nordkedjan AB,238640.60,217625.35
2025-02,Nordics,Kruunutukku Oy,180573.76,215474.04
2025-02,Nordics,Other,2613047.76,2341719.96
2025-02,Central Europe,Rheinkauf Gruppe,1972537.40,738503.39
2025-02,Central Europe,Vantoria Handel GmbH,382858.07,315778.38
2025-02,Central Europe,Bergmühle Grosshandel,313988.01,231563.87
2025-02,Central Europe,Delta Benelux B.V.,260299.27,211567.11
2025-02,Central Europe,Kronberg Drogerie GmbH,194786.87,171182.05
2025-02,Central Europe,Nieuwmarkt Wholesale B.V.,197873.62,133382.82
2025-02,Central Europe,Alpenweg Vertrieb GmbH,176105.01,149994.85
2025-02,Central Europe,Rheinberg Fachhandel,143104.35,105984.09
2025-02,Central Europe,Van Duijn Groothandel B.V.,119301.91,107964.70
2025-02,Central Europe,Feldkirch Distribution GmbH,119034.78,93401.03
2025-02,Central Europe,Other,917257.88,749768.91
2025-02,Baltics & Poland,Balticum Retail,302290.13,290545.90
2025-02,Baltics & Poland,Polska Handlowa Sp. z o.o.,328629.56,237103.52
2025-02,Baltics & Poland,Sūduvos Prekyba,211256.29,205133.66
2025-02,Baltics & Poland,Poznańska Grupa Detaliczna,214509.64,173961.29
2025-02,Baltics & Poland,Rīgas Mazumtirdzniecība,158248.98,155325.29
2025-02,Baltics & Poland,Läänemere Kaubad,135764.67,118400.89
2025-02,Baltics & Poland,Gdańska Sieć Detaliczna,144588.95,85680.04
2025-02,Baltics & Poland,Kauno Diskontas,113739.11,81297.13
2025-02,Baltics & Poland,Pärnu Kaubad,88602.77,96388.20
2025-02,Baltics & Poland,Klaipėda Market,80549.92,66542.26
2025-02,Baltics & Poland,Other,924666.25,953871.57
2025-03,Nordics,Norrhandel,776174.00,888087.18
2025-03,Nordics,Praktik Apotek,593956.81,660570.89
2025-03,Nordics,Berghav AS,506810.35,636948.41
2025-03,Nordics,Björkgrossisten AB,478017.70,446873.24
2025-03,Nordics,Havneby Detalj A/S,418547.85,391674.38
2025-03,Nordics,Metsätori Oy,345900.70,365386.86
2025-03,Nordics,Solvik Dagligvaror AB,339950.01,269395.91
2025-03,Nordics,Kystvare AS,285110.21,312854.05
2025-03,Nordics,Nordkedjan AB,208638.32,273662.88
2025-03,Nordics,Kruunutukku Oy,198913.10,190512.60
2025-03,Nordics,Other,3025338.85,2233166.79
2025-03,Central Europe,Rheinkauf Gruppe,2463021.73,605274.85
2025-03,Central Europe,Vantoria Handel GmbH,426167.72,238457.00
2025-03,Central Europe,Bergmühle Grosshandel,323577.03,209562.82
2025-03,Central Europe,Delta Benelux B.V.,311768.75,136374.96
2025-03,Central Europe,Kronberg Drogerie GmbH,191532.13,159791.76
2025-03,Central Europe,Nieuwmarkt Wholesale B.V.,236870.98,101885.96
2025-03,Central Europe,Alpenweg Vertrieb GmbH,196205.76,105128.87
2025-03,Central Europe,Rheinberg Fachhandel,161426.82,91253.45
2025-03,Central Europe,Van Duijn Groothandel B.V.,112015.95,101208.17
2025-03,Central Europe,Feldkirch Distribution GmbH,122395.43,74907.87
2025-03,Central Europe,Other,874334.43,684725.26
2025-03,Baltics & Poland,Balticum Retail,386888.05,277543.35
2025-03,Baltics & Poland,Polska Handlowa Sp. z o.o.,372370.59,262686.20
2025-03,Baltics & Poland,Sūduvos Prekyba,248128.99,213840.49
2025-03,Baltics & Poland,Poznańska Grupa Detaliczna,237813.76,181749.97
2025-03,Baltics & Poland,Rīgas Mazumtirdzniecība,168713.10,165296.52
2025-03,Baltics & Poland,Läänemere Kaubad,144758.74,137473.14
2025-03,Baltics & Poland,Gdańska Sieć Detaliczna,163606.85,112802.58
2025-03,Baltics & Poland,Kauno Diskontas,116494.46,114418.41
2025-03,Baltics & Poland,Pärnu Kaubad,95740.81,95389.01
2025-03,Baltics & Poland,Klaipėda Market,88365.84,80064.40
2025-03,Baltics & Poland,Other,1055745.84,864897.41
2025-04,Nordics,Norrhandel,870270.03,765055.56
2025-04,Nordics,Praktik Apotek,665659.10,572661.40
2025-04,Nordics,Berghav AS,632331.53,447246.55
2025-04,Nordics,Björkgrossisten AB,481590.92,497598.54
2025-04,Nordics,Havneby Detalj A/S,422357.12,425766.52
2025-04,Nordics,Metsätori Oy,331467.10,372413.43
2025-04,Nordics,Solvik Dagligvaror AB,311582.75,350549.11
2025-04,Nordics,Kystvare AS,297209.04,274285.03
2025-04,Nordics,Nordkedjan AB,235298.06,223926.14
2025-04,Nordics,Kruunutukku Oy,225535.05,188165.94
2025-04,Nordics,Other,2625646.64,3120338.90
2025-04,Central Europe,Rheinkauf Gruppe,3031686.74,562269.61
2025-04,Central Europe,Vantoria Handel GmbH,432666.21,284313.27
2025-04,Central Europe,Bergmühle Grosshandel,323879.11,225884.84
2025-04,Central Europe,Delta Benelux B.V.,340467.77,165175.49
2025-04,Central Europe,Kronberg Drogerie GmbH,205970.36,147123.86
2025-04,Central Europe,Nieuwmarkt Wholesale B.V.,252566.92,129709.94
2025-04,Central Europe,Alpenweg Vertrieb GmbH,199609.87,125845.56
2025-04,Central Europe,Rheinberg Fachhandel,147643.51,126876.78
2025-04,Central Europe,Van Duijn Groothandel B.V.,127063.82,81889.38
2025-04,Central Europe,Feldkirch Distribution GmbH,117891.86,85284.61
2025-04,Central Europe,Other,1013511.65,523227.35
2025-04,Baltics & Poland,Balticum Retail,425458.27,354132.05
2025-04,Baltics & Poland,Polska Handlowa Sp. z o.o.,380707.43,323949.70
2025-04,Baltics & Poland,Sūduvos Prekyba,250322.69,269677.11
2025-04,Baltics & Poland,Poznańska Grupa Detaliczna,268891.15,192046.25
2025-04,Baltics & Poland,Rīgas Mazumtirdzniecība,211247.67,148714.26
2025-04,Baltics & Poland,Läänemere Kaubad,169584.16,134548.61
2025-04,Baltics & Poland,Gdańska Sieć Detaliczna,178501.97,128541.51
2025-04,Baltics & Poland,Kauno Diskontas,130153.66,113840.02
2025-04,Baltics & Poland,Pärnu Kaubad,110100.37,97202.26
2025-04,Baltics & Poland,Klaipėda Market,89337.18,94653.08
2025-04,Baltics & Poland,Other,1111237.81,1028251.44
2025-05,Nordics,Norrhandel,761977.74,958790.00
2025-05,Nordics,Praktik Apotek,661579.80,641952.58
2025-05,Nordics,Berghav AS,565739.94,633590.07
2025-05,Nordics,Björkgrossisten AB,501613.85,476100.73
2025-05,Nordics,Havneby Detalj A/S,402966.47,444639.50
2025-05,Nordics,Metsätori Oy,382744.76,303096.38
2025-05,Nordics,Solvik Dagligvaror AB,333101.56,297417.83
2025-05,Nordics,Kystvare AS,274184.22,306524.06
2025-05,Nordics,Nordkedjan AB,254865.47,228494.42
2025-05,Nordics,Kruunutukku Oy,208660.02,229499.46
2025-05,Nordics,Other,2769836.03,2549053.36
2025-05,Central Europe,Rheinkauf Gruppe,3425020.18,758172.24
2025-05,Central Europe,Vantoria Handel GmbH,450833.26,277934.41
2025-05,Central Europe,Bergmühle Grosshandel,335258.88,218921.37
2025-05,Central Europe,Delta Benelux B.V.,377062.44,160806.31
2025-05,Central Europe,Kronberg Drogerie GmbH,217765.63,152705.54
2025-05,Central Europe,Nieuwmarkt Wholesale B.V.,299385.68,101231.97
2025-05,Central Europe,Alpenweg Vertrieb GmbH,218391.95,112818.57
2025-05,Central Europe,Rheinberg Fachhandel,156010.98,106783.10
2025-05,Central Europe,Van Duijn Groothandel B.V.,136258.74,89505.57
2025-05,Central Europe,Feldkirch Distribution GmbH,117884.54,82257.73
2025-05,Central Europe,Other,932354.47,755610.52
2025-05,Baltics & Poland,Balticum Retail,390420.61,445862.08
2025-05,Baltics & Poland,Polska Handlowa Sp. z o.o.,404554.93,323773.16
2025-05,Baltics & Poland,Sūduvos Prekyba,271091.88,263647.72
2025-05,Baltics & Poland,Poznańska Grupa Detaliczna,292605.86,211210.18
2025-05,Baltics & Poland,Rīgas Mazumtirdzniecība,204120.79,208491.08
2025-05,Baltics & Poland,Läänemere Kaubad,158122.99,179264.66
2025-05,Baltics & Poland,Gdańska Sieć Detaliczna,178361.76,151163.36
2025-05,Baltics & Poland,Kauno Diskontas,138154.63,126241.83
2025-05,Baltics & Poland,Pärnu Kaubad,123614.50,103948.31
2025-05,Baltics & Poland,Klaipėda Market,100308.33,89710.95
2025-05,Baltics & Poland,Other,1232687.97,1019613.61
2025-06,Nordics,Norrhandel,918690.44,731197.76
2025-06,Nordics,Praktik Apotek,536424.01,791088.64
2025-06,Nordics,Berghav AS,546087.26,611592.99
2025-06,Nordics,Björkgrossisten AB,495831.74,523729.88
2025-06,Nordics,Havneby Detalj A/S,435375.79,411545.92
2025-06,Nordics,Metsätori Oy,384744.25,367963.21
2025-06,Nordics,Solvik Dagligvaror AB,324155.83,341912.16
2025-06,Nordics,Kystvare AS,260252.21,309902.16
2025-06,Nordics,Nordkedjan AB,265374.86,248464.50
2025-06,Nordics,Kruunutukku Oy,214399.87,216237.76
2025-06,Nordics,Other,3003558.32,2577994.18
2025-06,Central Europe,Rheinkauf Gruppe,3911017.82,673271.50
2025-06,Central Europe,Vantoria Handel GmbH,456171.12,292759.92
2025-06,Central Europe,Bergmühle Grosshandel,344289.01,222823.70
2025-06,Central Europe,Delta Benelux B.V.,431473.55,144320.74
2025-06,Central Europe,Kronberg Drogerie GmbH,233227.08,150148.43
2025-06,Central Europe,Nieuwmarkt Wholesale B.V.,330139.65,118294.92
2025-06,Central Europe,Alpenweg Vertrieb GmbH,191708.19,159171.67
2025-06,Central Europe,Rheinberg Fachhandel,163966.03,107971.86
2025-06,Central Europe,Van Duijn Groothandel B.V.,125884.77,109739.89
2025-06,Central Europe,Feldkirch Distribution GmbH,128256.00,72433.47
2025-06,Central Europe,Other,1030111.87,581243.09
2025-06,Baltics & Poland,Balticum Retail,430465.97,409358.04
2025-06,Baltics & Poland,Polska Handlowa Sp. z o.o.,451437.99,333381.36
2025-06,Baltics & Poland,Sūduvos Prekyba,295069.58,287147.73
2025-06,Baltics & Poland,Poznańska Grupa Detaliczna,297155.09,253486.95
2025-06,Baltics & Poland,Rīgas Mazumtirdzniecība,231978.81,193315.85
2025-06,Baltics & Poland,Läänemere Kaubad,164382.25,178052.29
2025-06,Baltics & Poland,Gdańska Sieć Detaliczna,191514.65,152727.51
2025-06,Baltics & Poland,Kauno Diskontas,156348.20,129255.67
2025-06,Baltics & Poland,Pärnu Kaubad,117570.94,135061.65
2025-06,Baltics & Poland,Klaipėda Market,110622.67,100272.60
2025-06,Baltics & Poland,Other,1257081.34,1228925.21
2025-07,Nordics,Norrhandel,925640.01,858045.41
2025-07,Nordics,Praktik Apotek,701590.47,483579.77
2025-07,Nordics,Berghav AS,550626.04,572124.54
2025-07,Nordics,Björkgrossisten AB,495467.90,504944.25
2025-07,Nordics,Havneby Detalj A/S,438368.98,429504.30
2025-07,Nordics,Metsätori Oy,330030.62,415128.21
2025-07,Nordics,Solvik Dagligvaror AB,326898.07,321630.88
2025-07,Nordics,Kystvare AS,276746.12,271837.75
2025-07,Nordics,Nordkedjan AB,232886.14,284778.92
2025-07,Nordics,Kruunutukku Oy,236979.70,193668.91
2025-07,Nordics,Other,2757521.01,2985188.08
2025-07,Central Europe,Rheinkauf Gruppe,4081619.07,1017864.65
2025-07,Central Europe,Vantoria Handel GmbH,466638.07,295138.56
2025-07,Central Europe,Bergmühle Grosshandel,355023.58,226958.61
2025-07,Central Europe,Delta Benelux B.V.,437355.16,197855.40
2025-07,Central Europe,Kronberg Drogerie GmbH,213539.59,189468.33
2025-07,Central Europe,Nieuwmarkt Wholesale B.V.,327778.95,155163.46
2025-07,Central Europe,Alpenweg Vertrieb GmbH,197587.00,129945.86
2025-07,Central Europe,Rheinberg Fachhandel,166301.30,116511.32
2025-07,Central Europe,Van Duijn Groothandel B.V.,133822.17,93931.11
2025-07,Central Europe,Feldkirch Distribution GmbH,120216.87,92929.55
2025-07,Central Europe,Other,995429.14,730784.18
2025-07,Baltics & Poland,Balticum Retail,407498.34,412003.42
2025-07,Baltics & Poland,Polska Handlowa Sp. z o.o.,367930.06,412692.06
2025-07,Baltics & Poland,Sūduvos Prekyba,261422.93,302979.12
2025-07,Baltics & Poland,Poznańska Grupa Detaliczna,281423.53,240123.66
2025-07,Baltics & Poland,Rīgas Mazumtirdzniecība,194160.63,230154.27
2025-07,Baltics & Poland,Läänemere Kaubad,167829.97,156832.36
2025-07,Baltics & Poland,Gdańska Sieć Detaliczna,186586.48,149180.24
2025-07,Baltics & Poland,Kauno Diskontas,129037.18,155535.08
2025-07,Baltics & Poland,Pärnu Kaubad,99719.60,130047.40
2025-07,Baltics & Poland,Klaipėda Market,104574.20,102216.52
2025-07,Baltics & Poland,Other,1158424.26,1188561.59
2025-08,Nordics,Norrhandel,835858.24,971685.99
2025-08,Nordics,Praktik Apotek,527042.17,835976.47
2025-08,Nordics,Berghav AS,556516.10,582046.09
2025-08,Nordics,Björkgrossisten AB,506345.75,503566.28
2025-08,Nordics,Havneby Detalj A/S,418398.38,460922.71
2025-08,Nordics,Metsätori Oy,410161.60,287329.11
2025-08,Nordics,Solvik Dagligvaror AB,346648.09,310964.07
2025-08,Nordics,Kystvare AS,272549.65,298164.54
2025-08,Nordics,Nordkedjan AB,259887.05,230221.15
2025-08,Nordics,Kruunutukku Oy,205082.61,252373.15
2025-08,Nordics,Other,3219610.73,2330606.99
2025-08,Central Europe,Rheinkauf Gruppe,4127505.18,1111997.32
2025-08,Central Europe,Vantoria Handel GmbH,442936.48,321443.04
2025-08,Central Europe,Bergmühle Grosshandel,360006.93,226593.33
2025-08,Central Europe,Delta Benelux B.V.,443028.07,192821.39
2025-08,Central Europe,Kronberg Drogerie GmbH,221048.87,157902.63
2025-08,Central Europe,Nieuwmarkt Wholesale B.V.,295930.34,180719.33
2025-08,Central Europe,Alpenweg Vertrieb GmbH,197469.96,132446.57
2025-08,Central Europe,Rheinberg Fachhandel,155496.71,126592.94
2025-08,Central Europe,Van Duijn Groothandel B.V.,128505.36,104563.97
2025-08,Central Europe,Feldkirch Distribution GmbH,123801.77,79121.06
2025-08,Central Europe,Other,972415.21,701202.80
2025-08,Baltics & Poland,Balticum Retail,341259.61,470163.17
2025-08,Baltics & Poland,Polska Handlowa Sp. z o.o.,412879.23,296833.04
2025-08,Baltics & Poland,Sūduvos Prekyba,303386.21,237676.71
2025-08,Baltics & Poland,Poznańska Grupa Detaliczna,261465.02,254522.91
2025-08,Baltics & Poland,Rīgas Mazumtirdzniecība,193193.73,202022.10
2025-08,Baltics & Poland,Läänemere Kaubad,174291.00,161084.97
2025-08,Baltics & Poland,Gdańska Sieć Detaliczna,191012.57,146365.31
2025-08,Baltics & Poland,Kauno Diskontas,146091.25,116982.73
2025-08,Baltics & Poland,Pärnu Kaubad,123443.42,93558.38
2025-08,Baltics & Poland,Klaipėda Market,108268.65,96833.15
2025-08,Baltics & Poland,Other,1244656.83,1053080.24
2025-09,Nordics,Norrhandel,837168.94,904515.17
2025-09,Nordics,Praktik Apotek,651467.75,554943.83
2025-09,Nordics,Berghav AS,552569.14,607830.87
2025-09,Nordics,Björkgrossisten AB,502528.47,532215.71
2025-09,Nordics,Havneby Detalj A/S,428567.91,442743.41
2025-09,Nordics,Metsätori Oy,393566.23,394022.82
2025-09,Nordics,Solvik Dagligvaror AB,329209.83,357122.96
2025-09,Nordics,Kystvare AS,272814.53,301677.08
2025-09,Nordics,Nordkedjan AB,281731.59,242354.67
2025-09,Nordics,Kruunutukku Oy,214406.67,217132.41
2025-09,Nordics,Other,2796156.19,3291903.15
2025-09,Central Europe,Rheinkauf Gruppe,4169334.63,1175821.65
2025-09,Central Europe,Vantoria Handel GmbH,504084.50,251962.27
2025-09,Central Europe,Bergmühle Grosshandel,376005.30,227531.85
2025-09,Central Europe,Delta Benelux B.V.,470880.08,180888.18
2025-09,Central Europe,Kronberg Drogerie GmbH,236532.59,158466.44
2025-09,Central Europe,Nieuwmarkt Wholesale B.V.,317873.29,134612.19
2025-09,Central Europe,Alpenweg Vertrieb GmbH,201000.16,135629.92
2025-09,Central Europe,Rheinberg Fachhandel,141963.32,135298.50
2025-09,Central Europe,Van Duijn Groothandel B.V.,147390.62,85484.83
2025-09,Central Europe,Feldkirch Distribution GmbH,127695.21,83081.64
2025-09,Central Europe,Other,1032310.18,653300.67
2025-09,Baltics & Poland,Balticum Retail,359415.51,392173.05
2025-09,Baltics & Poland,Polska Handlowa Sp. z o.o.,422834.25,337246.40
2025-09,Baltics & Poland,Sūduvos Prekyba,296414.35,291045.74
2025-09,Baltics & Poland,Poznańska Grupa Detaliczna,290872.56,210393.23
2025-09,Baltics & Poland,Rīgas Mazumtirdzniecība,205690.73,193046.52
2025-09,Baltics & Poland,Läänemere Kaubad,176650.43,168926.83
2025-09,Baltics & Poland,Gdańska Sieć Detaliczna,190685.03,154485.18
2025-09,Baltics & Poland,Kauno Diskontas,139793.86,143326.40
2025-09,Baltics & Poland,Pärnu Kaubad,115080.57,128263.24
2025-09,Baltics & Poland,Klaipėda Market,100516.20,110524.21
2025-09,Baltics & Poland,Other,1164101.41,1245302.01
2025-10,Nordics,Norrhandel,788853.65,969587.95
2025-10,Nordics,Praktik Apotek,737393.84,605028.41
2025-10,Nordics,Berghav AS,617999.41,548751.51
2025-10,Nordics,Björkgrossisten AB,554497.24,485440.28
2025-10,Nordics,Havneby Detalj A/S,418864.49,470339.75
2025-10,Nordics,Metsätori Oy,383602.68,393827.16
2025-10,Nordics,Solvik Dagligvaror AB,368044.87,306642.20
2025-10,Nordics,Kystvare AS,341761.06,238144.35
2025-10,Nordics,Nordkedjan AB,282391.32,268044.79
2025-10,Nordics,Kruunutukku Oy,233509.48,211215.35
2025-10,Nordics,Other,2979338.96,2734180.64
2025-10,Central Europe,Rheinkauf Gruppe,4143612.31,1263701.03
2025-10,Central Europe,Vantoria Handel GmbH,479786.05,342635.84
2025-10,Central Europe,Bergmühle Grosshandel,364582.02,259019.03
2025-10,Central Europe,Delta Benelux B.V.,457716.85,225388.15
2025-10,Central Europe,Kronberg Drogerie GmbH,207222.70,206163.99
2025-10,Central Europe,Nieuwmarkt Wholesale B.V.,359255.51,117786.47
2025-10,Central Europe,Alpenweg Vertrieb GmbH,202806.31,139677.13
2025-10,Central Europe,Rheinberg Fachhandel,168580.67,97180.52
2025-10,Central Europe,Van Duijn Groothandel B.V.,146117.21,107385.86
2025-10,Central Europe,Feldkirch Distribution GmbH,141150.83,74971.43
2025-10,Central Europe,Other,1072984.51,684427.49
2025-10,Baltics & Poland,Balticum Retail,424143.72,367505.00
2025-10,Baltics & Poland,Polska Handlowa Sp. z o.o.,483868.21,304701.83
2025-10,Baltics & Poland,Sūduvos Prekyba,299543.84,296108.89
2025-10,Baltics & Poland,Poznańska Grupa Detaliczna,281282.01,263087.51
2025-10,Baltics & Poland,Rīgas Mazumtirdzniecība,236960.39,186013.45
2025-10,Baltics & Poland,Läänemere Kaubad,185725.14,171994.55
2025-10,Baltics & Poland,Gdańska Sieć Detaliczna,178978.92,174668.44
2025-10,Baltics & Poland,Kauno Diskontas,150557.49,134091.77
2025-10,Baltics & Poland,Pärnu Kaubad,123434.21,118394.84
2025-10,Baltics & Poland,Klaipėda Market,107091.94,102065.81
2025-10,Baltics & Poland,Other,1254559.34,1140813.00
2025-11,Nordics,Norrhandel,948248.59,805999.93
2025-11,Nordics,Praktik Apotek,708730.79,752709.19
2025-11,Nordics,Berghav AS,590911.09,670684.89
2025-11,Nordics,Björkgrossisten AB,571687.80,545956.44
2025-11,Nordics,Havneby Detalj A/S,494696.24,406865.68
2025-11,Nordics,Metsätori Oy,442943.00,342907.54
2025-11,Nordics,Solvik Dagligvaror AB,338040.31,392027.64
2025-11,Nordics,Kystvare AS,327384.53,336174.82
2025-11,Nordics,Nordkedjan AB,279784.84,284179.98
2025-11,Nordics,Kruunutukku Oy,247343.97,227514.22
2025-11,Nordics,Other,2894282.65,3142140.03
2025-11,Central Europe,Rheinkauf Gruppe,4375676.47,1056744.22
2025-11,Central Europe,Vantoria Handel GmbH,451050.00,360143.92
2025-11,Central Europe,Bergmühle Grosshandel,374030.07,248313.63
2025-11,Central Europe,Delta Benelux B.V.,474703.94,203951.49
2025-11,Central Europe,Kronberg Drogerie GmbH,255255.47,136082.71
2025-11,Central Europe,Nieuwmarkt Wholesale B.V.,345260.93,179698.52
2025-11,Central Europe,Alpenweg Vertrieb GmbH,191975.86,158122.83
2025-11,Central Europe,Rheinberg Fachhandel,151829.04,145632.46
2025-11,Central Europe,Van Duijn Groothandel B.V.,150449.21,106137.29
2025-11,Central Europe,Feldkirch Distribution GmbH,134180.28,99028.29
2025-11,Central Europe,Other,1086283.29,741574.70
2025-11,Baltics & Poland,Balticum Retail,515549.90,379482.78
2025-11,Baltics & Poland,Polska Handlowa Sp. z o.o.,450230.15,432082.56
2025-11,Baltics & Poland,Sūduvos Prekyba,315980.41,309563.48
2025-11,Baltics & Poland,Poznańska Grupa Detaliczna,338277.64,220600.58
2025-11,Baltics & Poland,Rīgas Mazumtirdzniecība,245982.56,228917.44
2025-11,Baltics & Poland,Läänemere Kaubad,194045.83,189962.32
2025-11,Baltics & Poland,Gdańska Sieć Detaliczna,207802.54,149631.09
2025-11,Baltics & Poland,Kauno Diskontas,149814.57,159369.32
2025-11,Baltics & Poland,Pärnu Kaubad,121616.65,140615.66
2025-11,Baltics & Poland,Klaipėda Market,123781.12,102280.62
2025-11,Baltics & Poland,Other,1401894.35,1200989.44
2025-12,Nordics,Norrhandel,1024268.84,989564.43
2025-12,Nordics,Praktik Apotek,721071.24,786848.06
2025-12,Nordics,Berghav AS,607129.13,694171.75
2025-12,Nordics,Björkgrossisten AB,617918.95,575359.91
2025-12,Nordics,Havneby Detalj A/S,550340.75,477147.83
2025-12,Nordics,Metsätori Oy,448265.42,438671.19
2025-12,Nordics,Solvik Dagligvaror AB,406704.22,330930.35
2025-12,Nordics,Kystvare AS,363340.41,319239.01
2025-12,Nordics,Nordkedjan AB,301099.20,289481.17
2025-12,Nordics,Kruunutukku Oy,274382.29,239357.85
2025-12,Nordics,Other,3295273.61,2973360.52
2025-12,Central Europe,Rheinkauf Gruppe,4493176.80,1300448.04
2025-12,Central Europe,Vantoria Handel GmbH,508172.89,307492.41
2025-12,Central Europe,Bergmühle Grosshandel,419991.23,237628.51
2025-12,Central Europe,Delta Benelux B.V.,484140.57,233640.23
2025-12,Central Europe,Kronberg Drogerie GmbH,249422.05,208397.47
2025-12,Central Europe,Nieuwmarkt Wholesale B.V.,353485.46,174083.11
2025-12,Central Europe,Alpenweg Vertrieb GmbH,231428.91,122598.20
2025-12,Central Europe,Rheinberg Fachhandel,197384.90,96238.98
2025-12,Central Europe,Van Duijn Groothandel B.V.,162939.38,109048.26
2025-12,Central Europe,Feldkirch Distribution GmbH,132340.77,103121.53
2025-12,Central Europe,Other,1237575.79,679220.12
2025-12,Baltics & Poland,Balticum Retail,514379.87,530938.98
2025-12,Baltics & Poland,Polska Handlowa Sp. z o.o.,502505.44,395990.74
2025-12,Baltics & Poland,Sūduvos Prekyba,356170.19,326573.33
2025-12,Baltics & Poland,Poznańska Grupa Detaliczna,401791.96,251100.57
2025-12,Baltics & Poland,Rīgas Mazumtirdzniecība,238901.06,276751.41
2025-12,Baltics & Poland,Läänemere Kaubad,235134.55,183636.20
2025-12,Baltics & Poland,Gdańska Sieć Detaliczna,237223.80,172831.17
2025-12,Baltics & Poland,Kauno Diskontas,202607.96,126986.55
2025-12,Baltics & Poland,Pärnu Kaubad,150186.87,128737.22
2025-12,Baltics & Poland,Klaipėda Market,129574.69,129041.38
2025-12,Baltics & Poland,Other,1484443.77,1445580.05
