account_id,ml_risk_score,text_risk_score,combined_score,ml_rank,text_rank,combined_rank
ACC0001,4.4758178529660985e-05,0.15,0.0135,492,253,497
ACC0002,0.0325302543546317,0.05,0.0496,244,400,405
ACC0003,0.000216282490776,0.3,0.0717,464,185,266
ACC0004,0.0573219070479569,0.05,0.0592,212,455,315
ACC0005,0.1580436846453936,0.1,0.0933,167,331,229
ACC0006,0.0835473662978263,0.05,0.0608,193,453,308
ACC0007,0.0266069801290738,0.15,0.0149,254,257,489
ACC0008,0.001771039571281,0.15,0.0157,401,268,478
ACC0009,7.015838985067055e-05,0.05,0.044,487,467,429
ACC0010,0.9967445863732732,0.8,0.9621,7,19,12
ACC0011,0.1775607263079707,0.05,0.0938,161,409,228
ACC0012,0.0392132890820479,0.1,0.0572,231,334,326
ACC0013,0.0431300464290066,0.75,0.3852,225,41,120
ACC0014,0.013537470904979,0.35,0.0794,292,161,252
ACC0015,0.0067175698463571,0.05,0.0446,335,427,425
ACC0016,0.0850942597789511,0.03,0.0655,191,500,282
ACC0017,0.4134451520731309,0.85,0.7459,120,11,78
ACC0018,0.0001770993137937,0.05,0.0435,471,472,435
ACC0019,0.2344415973093065,0.4,0.2145,145,141,182
ACC0020,0.782167078867076,0.65,0.959,68,69,16
ACC0021,2.8569894229660535e-05,0.15,0.0179,497,259,468
ACC0022,0.6742432330240222,0.05,0.4429,88,417,109
ACC0023,0.155224283095755,0.05,0.0825,169,412,245
ACC0024,0.0909853581646183,0.3,0.0971,186,184,224
ACC0025,0.0021767718448308,0.1,0.014,390,313,494
ACC0026,0.5469842569089817,0.05,0.3166,102,406,147
ACC0027,0.7906214306551528,0.65,0.8491,65,71,65
ACC0028,0.0009007247295609,0.1,0.0542,424,358,351
ACC0029,4.237584204330559e-05,0.1,0.0481,493,367,414
ACC0030,0.0708226974868505,0.05,0.062,199,435,298
ACC0031,0.008139324735068,0.1,0.0095,319,318,500
ACC0032,0.0017771570335123,0.1,0.055,400,339,337
ACC0033,0.8145900401015521,0.2,0.609,63,230,93
ACC0034,0.2402125044952567,0.05,0.1164,144,416,212
ACC0035,0.7414452715989492,0.6,0.8546,76,87,63
ACC0036,0.0225911165363502,0.05,0.0538,264,445,358
ACC0037,0.7219353159568381,0.25,0.7466,81,208,77
ACC0038,0.9989429907563304,0.75,0.9539,5,47,28
ACC0039,0.3936127807482134,0.05,0.1901,124,419,187
ACC0040,0.8379154279996545,0.1,0.5517,60,369,99
ACC0041,0.0008169379207955,0.05,0.0436,427,460,432
ACC0042,0.0332048642254701,0.45,0.1233,242,127,208
ACC0043,0.0001737278192134,0.15,0.0154,473,266,487
ACC0044,0.0856878155898325,0.05,0.0675,189,437,278
ACC0045,0.0123577094009216,0.55,0.246,296,117,167
ACC0046,0.0185196926055155,0.55,0.3026,274,95,154
ACC0047,0.7410775201455742,0.05,0.2884,77,426,157
ACC0048,0.359584724718363,0.05,0.1729,129,431,194
ACC0049,0.0003972604401122,0.15,0.0532,448,304,367
ACC0050,0.6293315952553813,0.05,0.366,93,420,128
ACC0051,0.1700241251368116,0.1,0.0972,163,344,223
ACC0052,0.0135668066234611,0.05,0.0509,290,471,388
ACC0053,9.343684821853675e-05,0.3,0.0224,484,172,443
ACC0054,0.1952113670331799,0.05,0.0942,156,442,227
ACC0055,0.014231471522985,0.25,0.0201,287,202,454
ACC0056,0.0160199398293278,0.2,0.0205,283,224,451
ACC0057,0.9909346916566012,0.15,0.4553,17,302,107
ACC0058,0.8624167037943786,0.65,0.8797,49,76,60
ACC0059,0.0104764234524716,0.05,0.0457,307,401,417
ACC0060,0.0165524062823853,0.05,0.0514,281,474,381
ACC0061,0.5016419727450343,0.05,0.2464,107,475,166
ACC0062,0.8424088899662973,0.55,0.8821,58,112,59
ACC0063,0.9995421877311336,0.75,0.9634,1,37,11
ACC0064,0.0001854392281163,0.2,0.0177,470,228,471
ACC0065,0.6828048136789928,0.78,0.9803,86,29,7
ACC0066,0.937773288598698,0.4,0.8824,41,154,58
ACC0067,0.9337785976690708,0.78,0.9441,42,28,37
ACC0068,0.0018202127064229,0.15,0.0535,398,284,362
ACC0069,0.2143176116930521,0.05,0.1014,148,413,218
ACC0070,0.1546760481595364,0.12,0.0922,170,305,230
ACC0071,0.0009359586603318,0.05,0.0487,423,469,409
ACC0072,0.0139757494162791,0.08,0.0547,289,382,343
ACC0073,0.0062621136167199,0.55,0.2002,340,96,184
ACC0074,0.0072868395791855,0.1,0.0547,331,357,344
ACC0075,0.0016195744586108,0.05,0.05,406,470,398
ACC0076,0.004382052992618,0.2,0.0623,356,243,296
ACC0077,0.0079470989948575,0.18,0.0614,320,248,305
ACC0078,0.0071981560173044,0.1,0.0547,332,365,345
ACC0079,0.9990913132955525,0.68,0.9578,4,61,18
ACC0080,0.001425827374813,0.28,0.0203,411,197,453
ACC0081,0.0041971121085206,0.1,0.0541,360,340,354
ACC0082,0.0153927067262763,0.05,0.0524,285,405,374
ACC0083,0.0006764081303288,0.3,0.0788,435,192,253
ACC0084,0.0042331242535649,0.1,0.0554,359,353,333
ACC0085,0.0079004442915666,0.3,0.0726,321,181,263
ACC0086,0.6896175541092215,0.1,0.4355,84,323,112
ACC0087,0.0001504249327495,0.15,0.0154,479,251,488
ACC0088,0.9945588452077984,0.8,0.9564,12,21,21
ACC0089,0.009392770085611,0.1,0.0564,310,335,331
ACC0090,0.9925375084506732,0.4,0.7964,15,157,72
ACC0091,0.0835654382108702,0.05,0.0608,192,433,307
ACC0092,0.0550798494823343,0.1,0.066,215,332,281
ACC0093,0.440891870008893,0.1,0.0901,113,309,235
ACC0094,0.2131264979000841,0.1,0.1069,151,310,214
ACC0095,0.0014749646543904,0.45,0.2623,410,138,163
ACC0096,5.7449412883980056e-05,0.75,0.651,490,50,89
ACC0097,0.0058913209735085,0.05,0.0181,341,478,464
ACC0098,0.003539469504504,0.2,0.0633,366,237,289
ACC0099,0.0487959112496529,0.1,0.0644,219,350,284
ACC0100,0.0025577473232078,0.3,0.0713,383,174,267
ACC0101,0.0001729738752044,0.55,0.2374,474,97,171
ACC0102,0.245791014629733,0.1,0.1241,143,329,205
ACC0103,0.00729598161375,0.2,0.063,330,241,292
ACC0104,0.0018095724080808,0.35,0.0816,399,167,247
ACC0105,6.091883738566888e-05,0.15,0.0156,488,273,481
ACC0106,0.0001357249652891,0.1,0.0138,481,312,495
ACC0107,0.0073400359310429,0.1,0.0547,329,341,342
ACC0108,9.54029539393373e-06,0.5,0.2349,500,126,174
ACC0109,0.0028793875838856,0.05,0.0439,380,481,431
ACC0110,0.0962672635554603,0.5,0.1823,183,122,191
ACC0111,0.9731197272832752,0.7,0.9476,28,55,33
ACC0112,0.4130793775063202,0.2,0.265,122,229,162
ACC0113,0.0123252551994734,0.1,0.0518,297,347,378
ACC0114,0.84487828357429,0.8,0.9904,56,16,3
ACC0115,0.0027110993130244,0.25,0.0708,382,216,271
ACC0116,0.0404675973254905,0.65,0.3141,228,67,149
ACC0117,0.0135427765952478,0.35,0.0253,291,162,442
ACC0118,0.0001873833657017,0.4,0.0194,468,146,458
ACC0119,0.0025123747811788,0.05,0.0501,384,399,397
ACC0120,0.1754635856424895,0.45,0.4097,162,135,116
ACC0121,0.5690921556798874,0.75,0.9849,100,45,5
ACC0122,0.761444782858899,0.65,0.9147,71,73,47
ACC0123,0.0325489297203827,0.15,0.0627,243,293,294
ACC0124,0.0528915958259523,0.05,0.0208,217,438,450
ACC0125,0.0192779296218785,0.2,0.0634,270,235,287
ACC0126,0.9974901418106108,0.85,0.9664,6,9,9
ACC0127,0.0031725340279288,0.05,0.0503,373,482,392
ACC0128,0.0197144409810969,0.1,0.0585,269,354,320
ACC0129,0.0949588154741122,0.15,0.0786,184,274,255
ACC0130,0.0725952859908459,0.55,0.349,195,106,134
ACC0131,0.0006448252554379,0.1,0.0547,437,371,340
ACC0132,0.0284144360051852,0.1,0.0549,251,355,338
ACC0133,0.8632192522093854,0.75,0.9951,48,35,1
ACC0134,0.0613103765767559,0.3,0.091,209,178,232
ACC0135,0.0203962675359253,0.65,0.637,267,70,92
ACC0136,0.0005392924499317,0.1,0.0541,441,351,352
ACC0137,0.7261456641820391,0.15,0.5506,80,298,100
ACC0138,0.9880644599949716,0.8,0.9555,22,27,25
ACC0139,0.0008562076108348,0.2,0.0148,425,218,490
ACC0140,0.0023175982141565,0.15,0.0577,387,303,324
ACC0141,0.854645773021607,0.78,0.9382,51,31,41
ACC0142,0.964477061909423,0.35,0.7848,34,160,75
ACC0143,0.4813769911049975,0.05,0.2471,108,428,165
ACC0144,0.9663263368775932,0.65,0.9577,33,75,19
ACC0145,0.9674383915785596,0.6,0.9045,32,92,50
ACC0146,0.2576921027430253,0.2,0.1489,141,233,200
ACC0147,0.4211063232642916,0.15,0.234,117,297,175
ACC0148,0.9790241489180364,0.7,0.9487,26,58,31
ACC0149,0.0693029582376918,0.08,0.0209,206,386,449
ACC0150,0.0364590422685581,0.05,0.0551,239,404,336
ACC0151,0.4145563379292294,0.4,0.2919,119,142,156
ACC0152,0.7837980528623878,0.42,0.67,66,139,85
ACC0153,0.001698435844751,0.2,0.0617,404,239,301
ACC0154,0.9925474303759968,0.8,0.9561,14,15,23
ACC0155,0.0057864410946862,0.1,0.0544,342,348,348
ACC0156,0.0707160927228442,0.1,0.0642,201,320,285
ACC0157,0.0069156775198079,0.15,0.0629,333,287,293
ACC0158,0.0004472332154648,0.05,0.0435,444,424,434
ACC0159,0.001420593147561,0.18,0.0143,412,246,492
ACC0160,0.0031653869100595,0.28,0.0204,374,196,452
ACC0161,0.0020327781709834,0.1,0.0498,396,368,400
ACC0162,0.1922582787753623,0.45,0.3151,158,128,148
ACC0163,0.0002243157665378,0.55,0.3418,462,114,137
ACC0164,5.684571191257026e-05,0.4,0.199,491,153,185
ACC0165,0.9473111981939112,0.75,0.944,38,36,38
ACC0166,0.0293596745265451,0.05,0.0537,249,394,359
ACC0167,0.0032915249774078,0.4,0.0996,371,143,219
ACC0168,0.0077668698665312,0.25,0.0288,324,214,439
ACC0169,0.0076117344930448,0.15,0.0572,326,280,327
ACC0170,0.0082074806743866,0.2,0.0607,317,234,309
ACC0171,0.7302095738306372,0.3,0.7918,79,180,73
ACC0172,0.943005293896839,0.8,0.9474,39,20,34
ACC0173,0.6409475121339225,0.1,0.3748,91,327,124
ACC0174,0.000250155900308,0.3,0.0749,461,183,260
ACC0175,0.0078979294431438,0.05,0.051,322,457,385
ACC0176,0.01420353745236,0.55,0.3533,288,104,131
ACC0177,0.0175085430969589,0.05,0.0164,278,414,473
ACC0178,0.0592480325702291,0.2,0.0786,211,232,256
ACC0179,0.0092285159494698,0.85,0.3522,311,8,132
ACC0180,8.512333194152404e-05,0.3,0.021,485,171,448
ACC0181,0.0016221372886075,0.55,0.2184,405,109,180
ACC0182,0.0381424290099188,0.7,0.3183,234,53,144
ACC0183,0.9963263223942458,0.55,0.9406,8,100,39
ACC0184,0.085329084657966,0.25,0.0906,190,206,233
ACC0185,0.0043619513555552,0.3,0.0154,357,175,486
ACC0186,0.0251138825025847,0.05,0.0545,258,484,347
ACC0187,0.0312802047606605,0.05,0.0541,245,411,353
ACC0188,0.0002996038909278,0.15,0.0532,458,283,368
ACC0189,0.0010357504670829,0.25,0.0161,420,203,476
ACC0190,0.0074132069259143,0.05,0.0452,328,444,421
ACC0191,0.2073769530983657,0.1,0.1048,153,321,215
ACC0192,0.1534836953385839,0.3,0.1273,171,177,204
ACC0193,0.0039818681465945,0.05,0.0504,363,468,390
ACC0194,0.0054616183249591,0.6,0.2574,345,89,164
ACC0195,0.2773328468965617,0.4,0.4953,138,149,102
ACC0196,0.0714104714874086,0.25,0.0983,197,210,222
ACC0197,0.0608638128826071,0.75,0.3751,210,42,123
ACC0198,0.0478162330475154,0.75,0.3463,220,32,135
ACC0199,0.0370037940164428,0.2,0.0726,238,226,262
ACC0200,0.0212802125514447,0.1,0.0535,266,376,363
ACC0201,0.000415359015926,0.15,0.0154,446,272,485
ACC0202,0.3824495467339754,0.08,0.1817,125,387,192
ACC0203,0.9950738207933868,0.65,0.9618,11,68,14
ACC0204,0.0032330709316292,0.25,0.0709,372,213,268
ACC0205,0.0044134696592067,0.15,0.0565,355,264,330
ACC0206,0.0560870108858701,0.1,0.0662,214,345,280
ACC0207,0.0006135677919392,0.08,0.0473,438,389,415
ACC0208,0.36446688325472,0.05,0.1605,126,458,196
ACC0209,0.0003731133732105,0.05,0.0486,451,465,411
ACC0210,0.8467901193742394,0.7,0.8867,55,56,56
ACC0211,0.4504547351254082,0.05,0.2258,111,494,176
ACC0212,0.749457276021777,0.45,0.8393,75,137,67
ACC0213,0.0863373423270808,0.1,0.0679,188,337,277
ACC0214,0.0277388740915165,0.55,0.0966,252,101,226
ACC0215,0.0263415540517574,0.12,0.0161,256,306,475
ACC0216,0.0078363256689173,0.2,0.0182,323,220,462
ACC0217,0.0081569850700303,0.05,0.0453,318,459,420
ACC0218,0.0308415837225064,0.15,0.0601,246,286,311
ACC0219,0.8726696978927538,0.2,0.6608,47,227,88
ACC0220,0.0405936923177021,0.05,0.0199,227,448,456
ACC0221,0.024693880585229,0.15,0.0669,261,285,279
ACC0222,0.8731828735739533,0.65,0.9168,46,74,46
ACC0223,0.0187817767877164,0.1,0.053,271,363,371
ACC0224,0.00237159990314,0.15,0.0577,385,288,323
ACC0225,0.003380025748687,0.2,0.0632,370,245,290
ACC0226,0.0563143654471537,0.25,0.0859,213,207,242
ACC0227,0.0062883515539023,0.1,0.0545,339,359,346
ACC0228,0.9993479332519356,0.6,0.9504,3,84,29
ACC0229,0.843690476999773,0.7,0.9406,57,60,40
ACC0230,0.9301107129037977,0.1,0.6639,44,324,86
ACC0231,0.0085163556265792,0.1,0.0549,314,372,339
ACC0232,0.6043525389337413,0.05,0.137,95,407,203
ACC0233,0.1668938796524403,0.15,0.1029,164,277,217
ACC0234,0.8217594443718823,0.6,0.9829,62,82,6
ACC0235,0.0003863736586172,0.1,0.0541,449,361,355
ACC0236,0.0220975903258846,0.4,0.0588,265,144,316
ACC0237,0.0385851579660039,0.9,0.3991,232,2,117
ACC0238,0.0004195989645878,0.25,0.016,445,209,477
ACC0239,0.0020848662863552,0.2,0.0618,394,238,300
ACC0240,0.2977077118632122,0.2,0.1759,136,242,193
ACC0241,0.0083947892775129,0.4,0.225,315,151,177
ACC0242,0.0015235768361478,0.15,0.0157,409,270,479
ACC0243,0.0034924914887646,0.05,0.0441,368,480,427
ACC0244,0.9951499302518606,0.65,0.9457,10,72,35
ACC0245,0.0344478438028776,0.1,0.0603,241,375,310
ACC0246,0.7556726492667812,0.7,0.8938,74,52,55
ACC0247,0.3015069364639947,0.4,0.5081,135,156,101
ACC0248,0.0696931744347698,0.05,0.0617,204,439,302
ACC0249,0.0629919314457716,0.05,0.0625,208,396,295
ACC0250,0.5179122090406192,0.05,0.1947,104,432,186
ACC0251,0.0001281784282434,0.05,0.0435,482,429,436
ACC0252,0.0707621938519203,0.65,0.3271,200,63,141
ACC0253,0.7804085228927845,0.75,0.8998,69,43,52
ACC0254,0.2863981414791328,0.35,0.6475,137,164,90
ACC0255,0.0001863129328527,0.3,0.087,469,189,240
ACC0256,0.002967302173211,0.2,0.0178,377,222,469
ACC0257,0.0003519658642683,0.75,0.3134,452,33,150
ACC0258,0.0027507899759557,0.05,0.0501,381,418,396
ACC0259,0.0003239647056756,0.05,0.0497,455,483,403
ACC0260,0.8526878612949677,0.5,0.9618,54,125,13
ACC0261,0.0187113050076601,0.12,0.0586,272,307,319
ACC0262,0.0170415523582583,0.65,0.2834,279,64,159
ACC0263,0.0107338107926149,0.5,0.2867,303,124,158
ACC0264,0.1078887152628391,0.3,0.1237,180,179,207
ACC0265,0.1945468951378397,0.15,0.1163,157,279,213
ACC0266,0.0005571843461933,0.05,0.0498,440,464,401
ACC0267,0.2582812570301197,0.05,0.1228,140,451,209
ACC0268,0.0040285756183283,0.35,0.0802,362,166,249
ACC0269,0.0003780503088203,0.82,0.4406,450,14,110
ACC0270,0.0394731171050012,0.4,0.1237,230,155,206
ACC0271,0.044865601028797,0.1,0.0637,222,352,286
ACC0272,0.0004148709533057,0.05,0.0486,447,489,410
ACC0273,0.0107577162570228,0.18,0.062,301,249,297
ACC0274,0.4273330309191246,0.7,0.7387,116,59,80
ACC0275,0.0743267978669367,0.1,0.0706,194,379,272
ACC0276,0.5039131628674197,0.05,0.0991,106,402,220
ACC0277,0.0004995124981386,0.3,0.075,443,193,259
ACC0278,0.9954555685101192,0.9,0.9569,9,1,20
ACC0279,0.0263594381861362,0.65,0.3026,255,65,153
ACC0280,0.0047257323684666,0.6,0.3175,352,83,146
ACC0281,0.0007672044063307,0.05,0.0441,430,487,426
ACC0282,0.005328327731486,0.15,0.0583,348,289,322
ACC0283,0.1554375444284333,0.55,0.3978,168,99,118
ACC0284,0.0184922535637473,0.1,0.053,275,333,372
ACC0285,0.7609007767086452,0.6,0.8954,72,90,54
ACC0286,0.0302050871177437,0.05,0.0553,248,436,334
ACC0287,0.025444197648343,0.2,0.0685,257,231,276
ACC0288,0.00468613016883,0.05,0.0493,353,456,406
ACC0289,0.5859164319551707,0.85,0.8521,97,12,64
ACC0290,4.110282492494502e-05,0.15,0.0615,494,295,304
ACC0291,0.1614476393083773,0.35,0.1535,166,159,198
ACC0292,0.1503683542844336,0.4,0.3661,172,147,127
ACC0293,0.0077388494990107,0.45,0.2379,325,131,170
ACC0294,0.0065281374988611,0.45,0.2212,337,132,179
ACC0295,0.0065296946395155,0.3,0.0723,336,195,264
ACC0296,0.0005215009364924,0.3,0.0718,442,176,265
ACC0297,0.0021451009328823,0.1,0.0537,392,360,360
ACC0298,0.0020592786421357,0.6,0.2406,395,81,169
ACC0299,0.0089853263266072,0.15,0.014,313,256,493
ACC0300,0.2142311127519382,0.75,0.6045,149,46,95
ACC0301,0.0030965401551655,0.15,0.0156,376,258,483
ACC0302,0.0107403361145002,0.15,0.0609,302,281,306
ACC0303,0.6912861132626664,0.65,0.8409,83,66,66
ACC0304,0.9880789052315548,0.9,0.9558,21,3,24
ACC0305,0.0043011053150556,0.25,0.0487,358,198,408
ACC0306,0.990120102423912,0.45,0.8373,20,136,68
ACC0307,0.0029137859432994,0.05,0.044,379,393,430
ACC0308,0.211153098515584,0.75,0.7395,152,49,79
ACC0309,0.0001751064935473,0.1,0.0481,472,378,413
ACC0310,0.0002043780571093,0.15,0.0587,467,292,318
ACC0311,0.9713150370437604,0.85,0.9666,30,5,8
ACC0312,0.1462278668764084,0.05,0.0753,174,434,258
ACC0313,0.0013065450307781,0.2,0.0694,415,244,274
ACC0314,0.2752107806406552,0.15,0.1521,139,275,199
ACC0315,0.2260455800247241,0.05,0.2216,146,415,178
ACC0316,0.0240517652738266,0.25,0.084,262,212,243
ACC0317,0.5791273325536176,0.05,0.3068,98,408,152
ACC0318,0.6345890312503119,0.1,0.4276,92,349,114
ACC0319,0.0030969740753092,0.1,0.0539,375,377,357
ACC0320,0.0096228067218571,0.05,0.0452,309,491,422
ACC0321,0.4436689836321157,0.5,0.6981,112,121,84
ACC0322,0.990213548133068,0.85,0.9588,19,10,17
ACC0323,0.0008551263823861,0.1,0.0496,426,370,404
ACC0324,0.9392691194421348,0.35,0.3496,40,169,133
ACC0325,0.0375252237035017,0.3,0.0984,235,187,221
ACC0326,0.395141252567089,0.1,0.2028,123,362,183
ACC0327,0.0186702302955899,0.25,0.0738,273,199,261
ACC0328,0.9917161738367044,0.55,0.5951,16,107,96
ACC0329,0.6108265865737239,0.6,0.7965,94,88,71
ACC0330,0.2473218302656999,0.05,0.1192,142,410,211
ACC0331,6.0001793363605386e-05,0.15,0.0156,489,260,482
ACC0332,2.172506426317629e-05,0.25,0.0649,498,215,283
ACC0333,0.6654622155511305,0.1,0.4599,89,322,106
ACC0334,0.0166301043083248,0.75,0.327,280,44,142
ACC0335,0.0106820877538478,0.05,0.0504,304,454,391
ACC0336,0.677219986889694,0.8,0.9114,87,18,49
ACC0337,0.0705194081645099,0.1,0.0696,202,325,273
ACC0338,0.0002055158707236,0.2,0.0177,466,221,470
ACC0339,0.0006878799179802,0.15,0.0533,433,278,365
ACC0340,0.027230474510338,0.05,0.0547,253,485,341
ACC0341,0.1631559998034022,0.05,0.0801,165,440,250
ACC0342,0.0398116369174582,0.03,0.0531,229,499,370
ACC0343,0.0006655023890317,0.55,0.3421,436,102,136
ACC0344,0.0373542217359423,0.55,0.3183,237,116,145
ACC0345,0.0045857336501226,0.15,0.0182,354,265,461
ACC0346,0.0011143883148712,0.18,0.0165,417,247,472
ACC0347,0.4198599924096931,0.03,0.1834,118,497,190
ACC0348,0.015694305062494,0.03,0.051,284,498,386
ACC0349,0.1149076365022825,0.5,0.3334,178,123,140
ACC0350,0.0053433907142792,0.05,0.0448,347,462,424
ACC0351,0.7037421326941813,0.75,0.9913,82,39,2
ACC0352,0.017673349319799,0.05,0.0516,277,449,380
ACC0353,0.9837602161761267,0.7,0.9477,24,54,32
ACC0354,0.1318206083792106,0.6,0.5752,175,93,97
ACC0355,0.9697123446237824,0.85,0.9562,31,6,22
ACC0356,0.9527470275365182,0.8,0.9553,37,22,26
ACC0357,0.0017250651211169,0.15,0.018,403,267,465
ACC0358,0.0718686659384064,0.1,0.0163,196,311,474
ACC0359,0.994001662930313,0.4,0.4265,13,158,115
ACC0360,0.906916497026132,0.55,0.9875,45,115,4
ACC0361,0.0286931355695566,0.05,0.0552,250,446,335
ACC0362,0.0003434221074793,0.05,0.044,454,495,428
ACC0363,0.0010996910616774,0.05,0.0499,418,443,399
ACC0364,0.5966728523617488,0.05,0.3639,96,421,129
ACC0365,0.0431959573915931,0.3,0.0872,224,186,238
ACC0366,0.0106295745822118,0.05,0.0454,305,403,419
ACC0367,0.0039301802483692,0.15,0.0156,364,263,480
ACC0368,0.0931579984877573,0.05,0.0632,185,473,291
ACC0369,0.0250861778372639,0.05,0.0529,259,450,373
ACC0370,0.0097470927966038,0.35,0.0634,308,168,288
ACC0371,0.0005749768355902,0.15,0.018,439,255,467
ACC0372,0.0543263219071042,0.1,0.0598,216,326,313
ACC0373,0.78276191004348,0.05,0.4703,67,430,105
ACC0374,0.1089498552987014,0.45,0.3756,179,133,122
ACC0375,0.1248224664331888,0.1,0.0835,176,316,244
ACC0376,0.0023571392209019,0.25,0.1471,386,211,201
ACC0377,0.5308633829983174,0.1,0.2994,103,315,155
ACC0378,0.0113407548338693,0.05,0.0459,300,466,416
ACC0379,0.0055107619449307,0.1,0.0491,343,342,407
ACC0380,0.0001246295314672,0.4,0.0286,483,145,440
ACC0381,0.317114389275115,0.55,0.4378,133,110,111
ACC0382,0.8381704298666812,0.55,0.9145,59,98,48
ACC0383,0.0373832613895157,0.15,0.018,236,262,466
ACC0384,0.57781927405412,0.75,0.8027,99,48,70
ACC0385,0.0425245767941481,0.25,0.0767,226,204,257
ACC0386,0.0302699877110723,0.1,0.0543,247,346,349
ACC0387,0.0001691665925149,0.15,0.0135,477,261,496
ACC0388,0.5155189326548363,0.2,0.3577,105,240,130
ACC0389,0.0021085718548705,0.1,0.0537,393,374,361
ACC0390,0.0013196307144572,0.6,0.2678,414,91,161
ACC0391,0.6828591425570937,0.8,0.8744,85,25,61
ACC0392,0.0051195529519909,0.15,0.0597,350,271,314
ACC0393,0.3621949176888048,0.8,0.7842,128,26,76
ACC0394,0.6586306857465101,0.1,0.3901,90,364,119
ACC0395,0.0518254309255236,0.2,0.0823,218,236,246
ACC0396,0.999484574147472,0.85,0.9608,2,7,15
ACC0397,0.4700747611827877,0.4,0.3375,109,148,139
ACC0398,0.0001698539418468,0.15,0.0615,476,290,303
ACC0399,0.9314120457194728,0.8,0.9453,43,24,36
ACC0400,0.0029493841976926,0.05,0.0502,378,488,394
ACC0401,0.0007786512418675,0.15,0.0588,428,301,317
ACC0402,0.2245041233622224,0.5,0.4351,147,118,113
ACC0403,0.0021622398425784,0.2,0.0194,391,219,457
ACC0404,0.0362365439945053,0.1,0.0619,240,336,299
ACC0405,0.0036199750780388,0.05,0.0503,365,477,393
ACC0406,0.4319736805290918,0.45,0.322,115,130,143
ACC0407,0.0151181279228433,0.05,0.0511,286,486,383
ACC0408,0.008321051491104,0.55,0.2431,316,103,168
ACC0409,0.0116092775978995,0.05,0.0519,299,441,376
ACC0410,0.0040852182411313,0.15,0.054,361,296,356
ACC0411,0.0116473697071846,0.05,0.0517,298,425,379
ACC0412,0.0068051536524215,0.05,0.051,334,493,387
ACC0413,0.0713087969009916,0.1,0.0218,198,328,445
ACC0414,0.0022008005305226,0.75,0.3078,389,34,151
ACC0415,3.750439246180322e-05,0.55,0.3416,495,108,138
ACC0416,0.0249696750047092,0.1,0.0542,260,338,350
ACC0417,0.0022969645373408,0.35,0.0797,388,165,251
ACC0418,0.0020000104259877,0.3,0.0212,397,173,446
ACC0419,0.8545479872220128,0.08,0.6083,52,384,94
ACC0420,0.0047822541674886,0.3,0.0329,351,194,438
ACC0421,0.0385829391174313,0.1,0.057,233,381,328
ACC0422,0.0446422548604156,0.3,0.0876,223,182,236
ACC0423,0.0002182692914016,0.1,0.0481,463,366,412
ACC0424,0.1178652157984502,0.45,0.3832,177,134,121
ACC0425,0.0164331629263097,0.8,0.7145,282,23,82
ACC0426,0.0123929374366216,0.35,0.092,295,163,231
ACC0427,1.804187370497868e-05,0.15,0.0532,499,299,369
ACC0428,0.0002060784223981,0.3,0.087,465,191,239
ACC0429,0.0007767623689679,0.3,0.0872,429,190,237
ACC0430,0.0017698844323595,0.5,0.2363,402,119,172
ACC0431,0.0006941007984621,0.15,0.0573,432,300,325
ACC0432,0.0001701455055355,0.25,0.0199,475,200,455
ACC0433,0.2031178067029958,0.1,0.1032,155,380,216
ACC0434,0.0015955094856329,0.6,0.218,407,80,181
ACC0435,0.362205853836537,0.1,0.1868,127,330,188
ACC0436,0.0002579262481304,0.1,0.0533,460,356,364
ACC0437,0.0199380589774,0.1,0.0532,268,343,366
ACC0438,0.9720573923014572,0.75,0.9492,29,38,30
ACC0439,0.0178973056401135,0.15,0.0192,276,269,459
ACC0440,0.8273298336624384,0.6,0.8995,61,85,53
ACC0441,0.0105316504045324,0.45,0.0867,306,129,241
ACC0442,0.0033910293040288,0.05,0.0502,369,463,395
ACC0443,0.006522901649415,0.2,0.0121,338,225,498
ACC0444,2.902976712135896e-05,0.05,0.0434,496,496,437
ACC0445,0.4510959699353504,0.05,0.2356,110,423,173
ACC0446,0.0003500844704816,0.2,0.0147,453,217,491
ACC0447,0.0982085186041913,0.05,0.0709,182,422,269
ACC0448,0.0699424819511852,0.72,0.3727,203,51,125
ACC0449,0.045351596712145,0.05,0.0584,221,452,321
ACC0450,0.0053957293719548,0.75,0.7246,346,40,81
ACC0451,0.1866418017806322,0.05,0.0968,159,447,225
ACC0452,0.0881664348116528,0.5,0.1386,187,120,202
ACC0453,0.0002684384284183,0.25,0.019,459,205,460
ACC0454,7.819374444280909e-05,0.15,0.0211,486,294,447
ACC0455,0.0125014782605225,0.25,0.0809,293,201,248
ACC0456,0.7608694176151329,0.1,0.4815,73,319,103
ACC0457,0.2141444903991487,0.15,0.1223,150,276,210
ACC0458,0.1825353600246719,0.55,0.1572,160,105,197
ACC0459,0.103568802002542,0.15,0.0264,181,254,441
ACC0460,0.8013396576593245,0.68,0.9014,64,62,51
ACC0461,0.9635053867988852,0.4,0.9294,36,150,44
ACC0462,0.0074635508831851,0.05,0.0511,327,492,384
ACC0463,0.9860579423069732,0.15,0.4507,23,282,108
ACC0464,0.0014116729258872,0.12,0.0561,413,308,332
ACC0465,0.8558434158079412,0.55,0.9663,50,111,10
ACC0466,0.8537652351882982,0.05,0.5643,53,461,98
ACC0467,0.0052360858190611,0.8,0.9353,349,17,42
ACC0468,0.0124690514592943,0.1,0.057,294,373,329
ACC0469,0.0007208884609615,0.3,0.0708,431,188,270
ACC0470,0.9826014484703184,0.4,0.4807,25,152,104
ACC0471,0.0695119838000921,0.1,0.0693,205,317,275
ACC0472,0.3316415900955367,0.88,0.663,131,4,87
ACC0473,0.338807354681379,0.08,0.1661,130,385,195
ACC0474,0.000147725431939,0.15,0.0182,480,291,463
ACC0475,0.0633168912234074,0.42,0.2727,207,140,160
ACC0476,0.0001640221541624,0.05,0.0497,478,476,402
ACC0477,0.4368155115275515,0.05,0.0904,114,397,234
ACC0478,0.3065215834407005,0.7,0.8587,134,57,62
ACC0479,0.7773880527018712,0.78,0.9259,70,30,45
ACC0480,0.0236477662544362,0.1,0.0219,263,314,444
ACC0481,0.009192191776045,0.05,0.0513,312,398,382
ACC0482,0.001032564483444,0.08,0.0524,421,388,375
ACC0483,0.7389502159529802,0.55,0.885,78,113,57
ACC0484,0.0054747923065812,0.05,0.0449,344,490,423
ACC0485,0.0010721934928822,0.18,0.0599,419,250,312
ACC0486,0.148838226100516,0.05,0.0787,173,395,254
ACC0487,0.207145128095325,0.6,0.3713,154,86,126
ACC0488,0.0011695404466686,0.06,0.0507,416,392,389
ACC0489,0.4132970605880308,0.65,0.7093,121,78,83
ACC0490,0.9643571106497404,0.06,0.6385,35,391,91
ACC0491,0.0015592690977456,0.15,0.0155,408,252,484
ACC0492,0.3299833874020741,0.62,0.7855,132,79,74
ACC0493,0.0006875400970522,0.05,0.0436,434,479,433
ACC0494,0.0003001026901832,0.32,0.1863,457,170,189
ACC0495,0.0009864016087062,0.2,0.0119,422,223,499
ACC0496,0.9764499369770072,0.82,0.9551,27,13,27
ACC0497,0.0003206736286319,0.08,0.0518,456,383,377
ACC0498,0.5661604530551264,0.65,0.8236,101,77,69
ACC0499,0.003521303036763,0.06,0.0456,367,390,418
ACC0500,0.9906192007425147,0.58,0.935,18,94,43
