month,grain,measure,basis,current_eur,reference_eur,value_eur,pct,flag
2024-01,Baltics & Poland,net_revenue,vs_budget,2193214.91,2241571.54,-48356.63,-2.16,False
2024-01,Baltics & Poland,gross_profit,vs_budget,886566.08,924725.38,-38159.3,-4.13,True
2024-01,Baltics & Poland,material_cost,vs_budget,734614.49,736367.72,-1753.23,-0.24,False
2024-01,Baltics & Poland,EBITDA,vs_budget,214105.93,236787.07,-22681.14,-9.58,True
2024-01,Central Europe,net_revenue,vs_budget,2781076.23,2799430.96,-18354.73,-0.66,False
2024-01,Central Europe,gross_profit,vs_budget,1191765.75,1221959.45,-30193.7,-2.47,False
2024-01,Central Europe,material_cost,vs_budget,888182.07,882106.69,6075.38,0.69,False
2024-01,Central Europe,EBITDA,vs_budget,330481.67,362814.09,-32332.42,-8.91,True
2024-01,Company,net_revenue,vs_budget,11098719.32,11202488.6,-103769.28,-0.93,False
2024-01,Company,gross_profit,vs_budget,4652527.0,4763889.07,-111362.07,-2.34,False
2024-01,Company,material_cost,vs_budget,3611886.05,3600402.06,11483.99,0.32,False
2024-01,Company,EBITDA,vs_budget,1218550.23,1325845.32,-107295.09,-8.09,True
2024-01,Nordics,net_revenue,vs_budget,6124428.18,6161486.1,-37057.92,-0.6,False
2024-01,Nordics,gross_profit,vs_budget,2574195.17,2617204.24,-43009.07,-1.64,False
2024-01,Nordics,material_cost,vs_budget,1989089.49,1981927.65,7161.84,0.36,False
2024-01,Nordics,EBITDA,vs_budget,673962.63,726244.16,-52281.53,-7.2,False
2024-02,Baltics & Poland,net_revenue,MoM,2408134.79,2193214.91,214919.88,9.8,True
2024-02,Baltics & Poland,net_revenue,vs_budget,2408134.79,2394562.59,13572.2,0.57,False
2024-02,Baltics & Poland,gross_profit,MoM,990573.39,886566.08,104007.31,11.73,True
2024-02,Baltics & Poland,gross_profit,vs_budget,990573.39,993589.15,-3015.76,-0.3,False
2024-02,Baltics & Poland,material_cost,MoM,788695.89,734614.49,54081.4,7.36,False
2024-02,Baltics & Poland,material_cost,vs_budget,788695.89,780411.28,8284.61,1.06,False
2024-02,Baltics & Poland,EBITDA,MoM,248858.73,214105.93,34752.8,16.23,False
2024-02,Baltics & Poland,EBITDA,vs_budget,248858.73,258697.89,-9839.16,-3.8,False
2024-02,Central Europe,net_revenue,MoM,2939181.52,2781076.23,158105.29,5.69,False
2024-02,Central Europe,net_revenue,vs_budget,2939181.52,2990497.68,-51316.16,-1.72,False
2024-02,Central Europe,gross_profit,MoM,1270468.81,1191765.75,78703.06,6.6,False
2024-02,Central Europe,gross_profit,vs_budget,1270468.81,1312247.94,-41779.13,-3.18,True
2024-02,Central Europe,material_cost,MoM,931881.1,888182.07,43699.03,4.92,False
2024-02,Central Europe,material_cost,vs_budget,931881.1,934867.74,-2986.64,-0.32,False
2024-02,Central Europe,EBITDA,MoM,371267.77,330481.67,40786.1,12.34,False
2024-02,Central Europe,EBITDA,vs_budget,371267.77,394464.2,-23196.43,-5.88,False
2024-02,Company,net_revenue,MoM,11840999.35,11098719.32,742280.03,6.69,True
2024-02,Company,net_revenue,vs_budget,11840999.35,11967077.41,-126078.06,-1.05,False
2024-02,Company,gross_profit,MoM,4931233.78,4652527.0,278706.78,5.99,False
2024-02,Company,gross_profit,vs_budget,4931233.78,5117145.17,-185911.39,-3.63,True
2024-02,Company,material_cost,MoM,3809427.65,3611886.05,197541.6,5.47,False
2024-02,Company,material_cost,vs_budget,3809427.65,3815748.95,-6321.3,-0.17,False
2024-02,Company,EBITDA,MoM,1274750.7,1218550.23,56200.47,4.61,False
2024-02,Company,EBITDA,vs_budget,1274750.7,1444449.11,-169698.41,-11.75,True
2024-02,Nordics,net_revenue,MoM,6493683.04,6124428.18,369254.86,6.03,True
2024-02,Nordics,net_revenue,vs_budget,6493683.04,6582017.14,-88334.1,-1.34,False
2024-02,Nordics,gross_profit,MoM,2670191.58,2574195.17,95996.41,3.73,False
2024-02,Nordics,gross_profit,vs_budget,2670191.58,2811308.08,-141116.5,-5.02,True
2024-02,Nordics,material_cost,MoM,2088850.66,1989089.49,99761.17,5.02,False
2024-02,Nordics,material_cost,vs_budget,2088850.66,2100469.93,-11619.27,-0.55,False
2024-02,Nordics,EBITDA,MoM,654624.2,673962.63,-19338.43,-2.87,False
2024-02,Nordics,EBITDA,vs_budget,654624.2,791287.02,-136662.82,-17.27,True
2024-03,Baltics & Poland,net_revenue,MoM,2423064.47,2408134.79,14929.68,0.62,False
2024-03,Baltics & Poland,net_revenue,vs_budget,2423064.47,2461801.53,-38737.06,-1.57,False
2024-03,Baltics & Poland,gross_profit,MoM,999297.26,990573.39,8723.87,0.88,False
2024-03,Baltics & Poland,gross_profit,vs_budget,999297.26,1026050.48,-26753.22,-2.61,False
2024-03,Baltics & Poland,material_cost,MoM,787756.68,788695.89,-939.21,-0.12,False
2024-03,Baltics & Poland,material_cost,vs_budget,787756.68,798752.38,-10995.7,-1.38,False
2024-03,Baltics & Poland,EBITDA,MoM,247416.13,248858.73,-1442.6,-0.58,False
2024-03,Baltics & Poland,EBITDA,vs_budget,247416.13,270523.59,-23107.46,-8.54,True
2024-03,Central Europe,net_revenue,MoM,3043173.35,2939181.52,103991.83,3.54,False
2024-03,Central Europe,net_revenue,vs_budget,3043173.35,3074463.17,-31289.82,-1.02,False
2024-03,Central Europe,gross_profit,MoM,1315681.98,1270468.81,45213.17,3.56,False
2024-03,Central Europe,gross_profit,vs_budget,1315681.98,1354556.54,-38874.56,-2.87,False
2024-03,Central Europe,material_cost,MoM,966066.36,931881.1,34185.26,3.67,False
2024-03,Central Europe,material_cost,vs_budget,966066.36,956836.85,9229.51,0.96,False
2024-03,Central Europe,EBITDA,MoM,375920.35,371267.77,4652.58,1.25,False
2024-03,Central Europe,EBITDA,vs_budget,375920.35,411003.79,-35083.44,-8.54,True
2024-03,Company,net_revenue,MoM,12199531.67,11840999.35,358532.32,3.03,False
2024-03,Company,net_revenue,vs_budget,12199531.67,12303083.81,-103552.14,-0.84,False
2024-03,Company,gross_profit,MoM,5173736.04,4931233.78,242502.26,4.92,False
2024-03,Company,gross_profit,vs_budget,5173736.04,5283123.63,-109387.59,-2.07,False
2024-03,Company,material_cost,MoM,3901116.01,3809427.65,91688.36,2.41,False
2024-03,Company,material_cost,vs_budget,3901116.01,3905418.92,-4302.91,-0.11,False
2024-03,Company,EBITDA,MoM,1382439.43,1274750.7,107688.73,8.45,False
2024-03,Company,EBITDA,vs_budget,1382439.43,1507307.2,-124867.77,-8.28,True
2024-03,Nordics,net_revenue,MoM,6733293.85,6493683.04,239610.81,3.69,True
2024-03,Nordics,net_revenue,vs_budget,6733293.85,6766819.11,-33525.26,-0.5,False
2024-03,Nordics,gross_profit,MoM,2858756.8,2670191.58,188565.22,7.06,False
2024-03,Nordics,gross_profit,vs_budget,2858756.8,2902516.61,-43759.81,-1.51,False
2024-03,Nordics,material_cost,MoM,2147292.97,2088850.66,58442.31,2.8,False
2024-03,Nordics,material_cost,vs_budget,2147292.97,2149829.69,-2536.72,-0.12,False
2024-03,Nordics,EBITDA,MoM,759102.95,654624.2,104478.75,15.96,True
2024-03,Nordics,EBITDA,vs_budget,759102.95,825779.82,-66676.87,-8.07,True
2024-04,Baltics & Poland,net_revenue,MoM,2488412.61,2423064.47,65348.14,2.7,False
2024-04,Baltics & Poland,net_revenue,vs_budget,2488412.61,2514249.45,-25836.84,-1.03,False
2024-04,Baltics & Poland,gross_profit,MoM,1025549.86,999297.26,26252.6,2.63,False
2024-04,Baltics & Poland,gross_profit,vs_budget,1025549.86,1050469.12,-24919.26,-2.37,False
2024-04,Baltics & Poland,material_cost,MoM,814007.87,787756.68,26251.19,3.33,False
2024-04,Baltics & Poland,material_cost,vs_budget,814007.87,812832.03,1175.84,0.14,False
2024-04,Baltics & Poland,EBITDA,MoM,262349.04,247416.13,14932.91,6.04,False
2024-04,Baltics & Poland,EBITDA,vs_budget,262349.04,278845.97,-16496.93,-5.92,False
2024-04,Central Europe,net_revenue,MoM,3094036.86,3043173.35,50863.51,1.67,False
2024-04,Central Europe,net_revenue,vs_budget,3094036.86,3139956.31,-45919.45,-1.46,False
2024-04,Central Europe,gross_profit,MoM,1341462.2,1315681.98,25780.22,1.96,False
2024-04,Central Europe,gross_profit,vs_budget,1341462.2,1386476.55,-45014.35,-3.25,True
2024-04,Central Europe,material_cost,MoM,974697.55,966066.36,8631.19,0.89,False
2024-04,Central Europe,material_cost,vs_budget,974697.55,973701.35,996.2,0.1,False
2024-04,Central Europe,EBITDA,MoM,381031.85,375920.35,5111.5,1.36,False
2024-04,Central Europe,EBITDA,vs_budget,381031.85,422823.96,-41792.11,-9.88,True
2024-04,Company,net_revenue,MoM,12426115.22,12199531.67,226583.55,1.86,False
2024-04,Company,net_revenue,vs_budget,12426115.22,12565197.69,-139082.47,-1.11,False
2024-04,Company,gross_profit,MoM,5290264.73,5173736.04,116528.69,2.25,False
2024-04,Company,gross_profit,vs_budget,5290264.73,5408189.93,-117925.2,-2.18,False
2024-04,Company,material_cost,MoM,3958869.91,3901116.01,57753.9,1.48,False
2024-04,Company,material_cost,vs_budget,3958869.91,3974261.04,-15391.13,-0.39,False
2024-04,Company,EBITDA,MoM,1451570.89,1382439.43,69131.46,5.0,False
2024-04,Company,EBITDA,vs_budget,1451570.89,1551930.77,-100359.88,-6.47,False
2024-04,Nordics,net_revenue,MoM,6843665.75,6733293.85,110371.9,1.64,False
2024-04,Nordics,net_revenue,vs_budget,6843665.75,6910991.93,-67326.18,-0.97,False
2024-04,Nordics,gross_profit,MoM,2923252.67,2858756.8,64495.87,2.26,False
2024-04,Nordics,gross_profit,vs_budget,2923252.67,2971244.26,-47991.59,-1.62,False
2024-04,Nordics,material_cost,MoM,2170164.49,2147292.97,22871.52,1.07,False
2024-04,Nordics,material_cost,vs_budget,2170164.49,2187727.66,-17563.17,-0.8,False
2024-04,Nordics,EBITDA,MoM,808190.0,759102.95,49087.05,6.47,False
2024-04,Nordics,EBITDA,vs_budget,808190.0,850260.84,-42070.84,-4.95,False
2024-05,Baltics & Poland,net_revenue,MoM,2518853.3,2488412.61,30440.69,1.22,False
2024-05,Baltics & Poland,net_revenue,vs_budget,2518853.3,2565898.96,-47045.66,-1.83,False
2024-05,Baltics & Poland,gross_profit,MoM,1039373.16,1025549.86,13823.3,1.35,False
2024-05,Baltics & Poland,gross_profit,vs_budget,1039373.16,1072523.39,-33150.23,-3.09,True
2024-05,Baltics & Poland,material_cost,MoM,821909.56,814007.87,7901.69,0.97,False
2024-05,Baltics & Poland,material_cost,vs_budget,821909.56,826950.96,-5041.4,-0.61,False
2024-05,Baltics & Poland,EBITDA,MoM,235761.34,262349.04,-26587.7,-10.13,False
2024-05,Baltics & Poland,EBITDA,vs_budget,235761.34,285049.0,-49287.66,-17.29,True
2024-05,Central Europe,net_revenue,MoM,3269305.85,3094036.86,175268.99,5.66,False
2024-05,Central Europe,net_revenue,vs_budget,3269305.85,3204471.91,64833.94,2.02,False
2024-05,Central Europe,gross_profit,MoM,1426601.91,1341462.2,85139.71,6.35,False
2024-05,Central Europe,gross_profit,vs_budget,1426601.91,1415533.35,11068.56,0.78,False
2024-05,Central Europe,material_cost,MoM,1021859.93,974697.55,47162.38,4.84,False
2024-05,Central Europe,material_cost,vs_budget,1021859.93,990617.81,31242.12,3.15,True
2024-05,Central Europe,EBITDA,MoM,399405.72,381031.85,18373.87,4.82,False
2024-05,Central Europe,EBITDA,vs_budget,399405.72,432080.93,-32675.21,-7.56,False
2024-05,Company,net_revenue,MoM,12779462.91,12426115.22,353347.69,2.84,False
2024-05,Company,net_revenue,vs_budget,12779462.91,12823346.25,-43883.34,-0.34,False
2024-05,Company,gross_profit,MoM,5419907.81,5290264.73,129643.08,2.45,False
2024-05,Company,gross_profit,vs_budget,5419907.81,5521622.53,-101714.72,-1.84,False
2024-05,Company,material_cost,MoM,4094878.67,3958869.91,136008.76,3.44,False
2024-05,Company,material_cost,vs_budget,4094878.67,4043300.74,51577.93,1.28,False
2024-05,Company,EBITDA,MoM,1441897.01,1451570.89,-9673.88,-0.67,False
2024-05,Company,EBITDA,vs_budget,1441897.01,1586137.58,-144240.57,-9.09,True
2024-05,Nordics,net_revenue,MoM,6991303.76,6843665.75,147638.01,2.16,False
2024-05,Nordics,net_revenue,vs_budget,6991303.76,7052975.38,-61671.62,-0.87,False
2024-05,Nordics,gross_profit,MoM,2953932.74,2923252.67,30680.07,1.05,False
2024-05,Nordics,gross_profit,vs_budget,2953932.74,3033565.79,-79633.05,-2.63,False
2024-05,Nordics,material_cost,MoM,2251109.18,2170164.49,80944.69,3.73,False
2024-05,Nordics,material_cost,vs_budget,2251109.18,2225731.97,25377.21,1.14,False
2024-05,Nordics,EBITDA,MoM,806729.95,808190.0,-1460.05,-0.18,False
2024-05,Nordics,EBITDA,vs_budget,806729.95,869007.65,-62277.7,-7.17,False
2024-06,Baltics & Poland,net_revenue,MoM,2569590.77,2518853.3,50737.47,2.01,False
2024-06,Baltics & Poland,net_revenue,vs_budget,2569590.77,2616692.21,-47101.44,-1.8,False
2024-06,Baltics & Poland,gross_profit,MoM,1067831.83,1039373.16,28458.67,2.74,False
2024-06,Baltics & Poland,gross_profit,vs_budget,1067831.83,1095954.63,-28122.8,-2.57,False
2024-06,Baltics & Poland,material_cost,MoM,831506.62,821909.56,9597.06,1.17,False
2024-06,Baltics & Poland,material_cost,vs_budget,831506.62,841113.63,-9607.01,-1.14,False
2024-06,Baltics & Poland,EBITDA,MoM,280927.23,235761.34,45165.89,19.16,False
2024-06,Baltics & Poland,EBITDA,vs_budget,280927.23,292891.79,-11964.56,-4.08,False
2024-06,Central Europe,net_revenue,MoM,3181309.63,3269305.85,-87996.22,-2.69,False
2024-06,Central Europe,net_revenue,vs_budget,3181309.63,3267895.41,-86585.78,-2.65,False
2024-06,Central Europe,gross_profit,MoM,1383775.4,1426601.91,-42826.51,-3.0,False
2024-06,Central Europe,gross_profit,vs_budget,1383775.4,1446184.75,-62409.35,-4.32,True
2024-06,Central Europe,material_cost,MoM,994806.4,1021859.93,-27053.53,-2.65,False
2024-06,Central Europe,material_cost,vs_budget,994806.4,1007580.86,-12774.46,-1.27,False
2024-06,Central Europe,EBITDA,MoM,412496.35,399405.72,13090.63,3.28,False
2024-06,Central Europe,EBITDA,vs_budget,412496.35,443267.65,-30771.3,-6.94,False
2024-06,Company,net_revenue,MoM,12893937.82,12779462.91,114474.91,0.9,False
2024-06,Company,net_revenue,vs_budget,12893937.82,13077162.41,-183224.59,-1.4,False
2024-06,Company,gross_profit,MoM,5471621.8,5419907.81,51713.99,0.95,False
2024-06,Company,gross_profit,vs_budget,5471621.8,5641669.11,-170047.31,-3.01,True
2024-06,Company,material_cost,MoM,4122474.86,4094878.67,27596.19,0.67,False
2024-06,Company,material_cost,vs_budget,4122474.86,4112540.51,9934.35,0.24,False
2024-06,Company,EBITDA,MoM,1517994.3,1441897.01,76097.29,5.28,False
2024-06,Company,EBITDA,vs_budget,1517994.3,1628287.96,-110293.66,-6.77,False
2024-06,Nordics,net_revenue,MoM,7143037.42,6991303.76,151733.66,2.17,False
2024-06,Nordics,net_revenue,vs_budget,7143037.42,7192574.79,-49537.37,-0.69,False
2024-06,Nordics,gross_profit,MoM,3020014.57,2953932.74,66081.83,2.24,False
2024-06,Nordics,gross_profit,vs_budget,3020014.57,3099529.73,-79515.16,-2.57,False
2024-06,Nordics,material_cost,MoM,2296161.84,2251109.18,45052.66,2.0,False
2024-06,Nordics,material_cost,vs_budget,2296161.84,2263846.02,32315.82,1.43,False
2024-06,Nordics,EBITDA,MoM,824570.72,806729.95,17840.77,2.21,False
2024-06,Nordics,EBITDA,vs_budget,824570.72,892128.52,-67557.8,-7.57,False
2024-07,Baltics & Poland,net_revenue,MoM,2524013.65,2569590.77,-45577.12,-1.77,False
2024-07,Baltics & Poland,net_revenue,vs_budget,2524013.65,2581022.19,-57008.54,-2.21,False
2024-07,Baltics & Poland,gross_profit,MoM,1036628.94,1067831.83,-31202.89,-2.92,False
2024-07,Baltics & Poland,gross_profit,vs_budget,1036628.94,1082834.13,-46205.19,-4.27,True
2024-07,Baltics & Poland,material_cost,MoM,826303.6,831506.62,-5203.02,-0.63,False
2024-07,Baltics & Poland,material_cost,vs_budget,826303.6,829325.49,-3021.89,-0.36,False
2024-07,Baltics & Poland,EBITDA,MoM,246610.83,280927.23,-34316.4,-12.22,False
2024-07,Baltics & Poland,EBITDA,vs_budget,246610.83,290718.42,-44107.59,-15.17,True
2024-07,Central Europe,net_revenue,MoM,3191113.39,3181309.63,9803.76,0.31,False
2024-07,Central Europe,net_revenue,vs_budget,3191113.39,3223352.17,-32238.78,-1.0,False
2024-07,Central Europe,gross_profit,MoM,1384880.25,1383775.4,1104.85,0.08,False
2024-07,Central Europe,gross_profit,vs_budget,1384880.25,1428652.05,-43771.8,-3.06,True
2024-07,Central Europe,material_cost,MoM,999221.56,994806.4,4415.16,0.44,False
2024-07,Central Europe,material_cost,vs_budget,999221.56,993460.56,5761.0,0.58,False
2024-07,Central Europe,EBITDA,MoM,400878.07,412496.35,-11618.28,-2.82,False
2024-07,Central Europe,EBITDA,vs_budget,400878.07,439405.27,-38527.2,-8.77,True
2024-07,Company,net_revenue,MoM,12643831.2,12893937.82,-250106.62,-1.94,False
2024-07,Company,net_revenue,vs_budget,12643831.2,12898910.47,-255079.27,-1.98,False
2024-07,Company,gross_profit,MoM,5340297.82,5471621.8,-131323.98,-2.4,False
2024-07,Company,gross_profit,vs_budget,5340297.82,5573664.8,-233366.98,-4.19,True
2024-07,Company,material_cost,MoM,4047521.57,4122474.86,-74953.29,-1.82,False
2024-07,Company,material_cost,vs_budget,4047521.57,4054906.44,-7384.87,-0.18,False
2024-07,Company,EBITDA,MoM,1440006.84,1517994.3,-77987.46,-5.14,False
2024-07,Company,EBITDA,vs_budget,1440006.84,1614989.18,-174982.34,-10.83,True
2024-07,Nordics,net_revenue,MoM,6928704.16,7143037.42,-214333.26,-3.0,True
2024-07,Nordics,net_revenue,vs_budget,6928704.16,7094536.11,-165831.95,-2.34,True
2024-07,Nordics,gross_profit,MoM,2918788.63,3020014.57,-101225.94,-3.35,False
2024-07,Nordics,gross_profit,vs_budget,2918788.63,3062178.62,-143389.99,-4.68,True
2024-07,Nordics,material_cost,MoM,2221996.41,2296161.84,-74165.43,-3.23,False
2024-07,Nordics,material_cost,vs_budget,2221996.41,2232120.39,-10123.98,-0.45,False
2024-07,Nordics,EBITDA,MoM,792517.94,824570.72,-32052.78,-3.89,False
2024-07,Nordics,EBITDA,vs_budget,792517.94,884865.49,-92347.55,-10.44,True
2024-08,Baltics & Poland,net_revenue,MoM,2501759.97,2524013.65,-22253.68,-0.88,False
2024-08,Baltics & Poland,net_revenue,vs_budget,2501759.97,2541439.01,-39679.04,-1.56,False
2024-08,Baltics & Poland,gross_profit,MoM,1039135.84,1036628.94,2506.9,0.24,False
2024-08,Baltics & Poland,gross_profit,vs_budget,1039135.84,1065863.43,-26727.59,-2.51,False
2024-08,Baltics & Poland,material_cost,MoM,813043.61,826303.6,-13259.99,-1.6,False
2024-08,Baltics & Poland,material_cost,vs_budget,813043.61,817504.15,-4460.54,-0.55,False
2024-08,Baltics & Poland,EBITDA,MoM,254579.82,246610.83,7968.99,3.23,False
2024-08,Baltics & Poland,EBITDA,vs_budget,254579.82,285895.8,-31315.98,-10.95,True
2024-08,Central Europe,net_revenue,MoM,3100687.49,3191113.39,-90425.9,-2.83,False
2024-08,Central Europe,net_revenue,vs_budget,3100687.49,3173914.7,-73227.21,-2.31,False
2024-08,Central Europe,gross_profit,MoM,1360860.83,1384880.25,-24019.42,-1.73,False
2024-08,Central Europe,gross_profit,vs_budget,1360860.83,1406304.23,-45443.4,-3.23,True
2024-08,Central Europe,material_cost,MoM,964424.02,999221.56,-34797.54,-3.48,False
2024-08,Central Europe,material_cost,vs_budget,964424.02,979298.59,-14874.57,-1.52,False
2024-08,Central Europe,EBITDA,MoM,400176.5,400878.07,-701.57,-0.18,False
2024-08,Central Europe,EBITDA,vs_budget,400176.5,432229.81,-32053.31,-7.42,False
2024-08,Company,net_revenue,MoM,12344994.65,12643831.2,-298836.55,-2.36,False
2024-08,Company,net_revenue,vs_budget,12344994.65,12701067.94,-356073.29,-2.8,True
2024-08,Company,gross_profit,MoM,5216862.71,5340297.82,-123435.11,-2.31,False
2024-08,Company,gross_profit,vs_budget,5216862.71,5486395.23,-269532.52,-4.91,True
2024-08,Company,material_cost,MoM,3960733.06,4047521.57,-86788.51,-2.14,False
2024-08,Company,material_cost,vs_budget,3960733.06,3997101.2,-36368.14,-0.91,False
2024-08,Company,EBITDA,MoM,1388703.24,1440006.84,-51303.6,-3.56,False
2024-08,Company,EBITDA,vs_budget,1388703.24,1588437.48,-199734.24,-12.57,True
2024-08,Nordics,net_revenue,MoM,6742547.19,6928704.16,-186156.97,-2.69,False
2024-08,Nordics,net_revenue,vs_budget,6742547.19,6985714.23,-243167.04,-3.48,True
2024-08,Nordics,gross_profit,MoM,2816866.04,2918788.63,-101922.59,-3.49,False
2024-08,Nordics,gross_profit,vs_budget,2816866.04,3014227.57,-197361.53,-6.55,True
2024-08,Nordics,material_cost,MoM,2183265.43,2221996.41,-38730.98,-1.74,False
2024-08,Nordics,material_cost,vs_budget,2183265.43,2200298.46,-17033.03,-0.77,False
2024-08,Nordics,EBITDA,MoM,733946.92,792517.94,-58571.02,-7.39,False
2024-08,Nordics,EBITDA,vs_budget,733946.92,870311.87,-136364.95,-15.67,True
2024-09,Baltics & Poland,net_revenue,MoM,2651981.57,2501759.97,150221.6,6.0,False
2024-09,Baltics & Poland,net_revenue,vs_budget,2651981.57,2623661.97,28319.6,1.08,False
2024-09,Baltics & Poland,gross_profit,MoM,1108118.44,1039135.84,68982.6,6.64,False
2024-09,Baltics & Poland,gross_profit,vs_budget,1108118.44,1100476.23,7642.21,0.69,False
2024-09,Baltics & Poland,material_cost,MoM,854270.63,813043.61,41227.02,5.07,False
2024-09,Baltics & Poland,material_cost,vs_budget,854270.63,840393.14,13877.49,1.65,False
2024-09,Baltics & Poland,EBITDA,MoM,279716.49,254579.82,25136.67,9.87,False
2024-09,Baltics & Poland,EBITDA,vs_budget,279716.49,295274.37,-15557.88,-5.27,False
2024-09,Central Europe,net_revenue,MoM,3251976.15,3100687.49,151288.66,4.88,False
2024-09,Central Europe,net_revenue,vs_budget,3251976.15,3276613.09,-24636.94,-0.75,False
2024-09,Central Europe,gross_profit,MoM,1439292.81,1360860.83,78431.98,5.76,False
2024-09,Central Europe,gross_profit,vs_budget,1439292.81,1451963.29,-12670.48,-0.87,False
2024-09,Central Europe,material_cost,MoM,1000130.89,964424.02,35706.87,3.7,False
2024-09,Central Europe,material_cost,vs_budget,1000130.89,1006720.89,-6590.0,-0.65,False
2024-09,Central Europe,EBITDA,MoM,431753.43,400176.5,31576.93,7.89,False
2024-09,Central Europe,EBITDA,vs_budget,431753.43,446370.74,-14617.31,-3.27,False
2024-09,Company,net_revenue,MoM,13073084.23,12344994.65,728089.58,5.9,True
2024-09,Company,net_revenue,vs_budget,13073084.23,13112030.39,-38946.16,-0.3,False
2024-09,Company,gross_profit,MoM,5611925.31,5216862.71,395062.6,7.57,False
2024-09,Company,gross_profit,vs_budget,5611925.31,5664549.13,-52623.82,-0.93,False
2024-09,Company,material_cost,MoM,4137870.62,3960733.06,177137.56,4.47,False
2024-09,Company,material_cost,vs_budget,4137870.62,4109026.58,28844.04,0.7,False
2024-09,Company,EBITDA,MoM,1486679.25,1388703.24,97976.01,7.06,False
2024-09,Company,EBITDA,vs_budget,1486679.25,1640467.01,-153787.76,-9.37,True
2024-09,Nordics,net_revenue,MoM,7169126.51,6742547.19,426579.32,6.33,True
2024-09,Nordics,net_revenue,vs_budget,7169126.51,7211755.33,-42628.82,-0.59,False
2024-09,Nordics,gross_profit,MoM,3064514.06,2816866.04,247648.02,8.79,True
2024-09,Nordics,gross_profit,vs_budget,3064514.06,3112109.61,-47595.55,-1.53,False
2024-09,Nordics,material_cost,MoM,2283469.1,2183265.43,100203.67,4.59,False
2024-09,Nordics,material_cost,vs_budget,2283469.1,2261912.55,21556.55,0.95,False
2024-09,Nordics,EBITDA,MoM,775209.33,733946.92,41262.41,5.62,False
2024-09,Nordics,EBITDA,vs_budget,775209.33,898821.9,-123612.57,-13.75,True
2024-10,Baltics & Poland,net_revenue,MoM,2621201.04,2651981.57,-30780.53,-1.16,False
2024-10,Baltics & Poland,net_revenue,vs_budget,2621201.04,2708218.87,-87017.83,-3.21,True
2024-10,Baltics & Poland,gross_profit,MoM,1087987.34,1108118.44,-20131.1,-1.82,False
2024-10,Baltics & Poland,gross_profit,vs_budget,1087987.34,1141204.81,-53217.47,-4.66,True
2024-10,Baltics & Poland,material_cost,MoM,849073.84,854270.63,-5196.79,-0.61,False
2024-10,Baltics & Poland,material_cost,vs_budget,849073.84,863354.56,-14280.72,-1.65,False
2024-10,Baltics & Poland,EBITDA,MoM,275702.48,279716.49,-4014.01,-1.44,False
2024-10,Baltics & Poland,EBITDA,vs_budget,275702.48,310052.44,-34349.96,-11.08,True
2024-10,Central Europe,net_revenue,MoM,3318843.45,3251976.15,66867.3,2.06,False
2024-10,Central Europe,net_revenue,vs_budget,3318843.45,3382212.5,-63369.05,-1.87,False
2024-10,Central Europe,gross_profit,MoM,1445178.85,1439292.81,5886.04,0.41,False
2024-10,Central Europe,gross_profit,vs_budget,1445178.85,1505060.86,-59882.01,-3.98,True
2024-10,Central Europe,material_cost,MoM,1033601.28,1000130.89,33470.39,3.35,False
2024-10,Central Europe,material_cost,vs_budget,1033601.28,1034226.21,-624.93,-0.06,False
2024-10,Central Europe,EBITDA,MoM,402324.97,431753.43,-29428.46,-6.82,False
2024-10,Central Europe,EBITDA,vs_budget,402324.97,467059.84,-64734.87,-13.86,True
2024-10,Company,net_revenue,MoM,13239506.44,13073084.23,166422.21,1.27,False
2024-10,Company,net_revenue,vs_budget,13239506.44,13534593.0,-295086.56,-2.18,False
2024-10,Company,gross_profit,MoM,5660706.43,5611925.31,48781.12,0.87,False
2024-10,Company,gross_profit,vs_budget,5660706.43,5872827.75,-212121.32,-3.61,True
2024-10,Company,material_cost,MoM,4175142.37,4137870.62,37271.75,0.9,False
2024-10,Company,material_cost,vs_budget,4175142.37,4221288.65,-46146.28,-1.09,False
2024-10,Company,EBITDA,MoM,1604749.8,1486679.25,118070.55,7.94,False
2024-10,Company,EBITDA,vs_budget,1604749.8,1719061.16,-114311.36,-6.65,False
2024-10,Nordics,net_revenue,MoM,7299461.95,7169126.51,130335.44,1.82,False
2024-10,Nordics,net_revenue,vs_budget,7299461.95,7444161.63,-144699.68,-1.94,False
2024-10,Nordics,gross_profit,MoM,3127540.24,3064514.06,63026.18,2.06,False
2024-10,Nordics,gross_profit,vs_budget,3127540.24,3226562.08,-99021.84,-3.07,True
2024-10,Nordics,material_cost,MoM,2292467.25,2283469.1,8998.15,0.39,False
2024-10,Nordics,material_cost,vs_budget,2292467.25,2323707.88,-31240.63,-1.34,False
2024-10,Nordics,EBITDA,MoM,926722.35,775209.33,151513.02,19.54,True
2024-10,Nordics,EBITDA,vs_budget,926722.35,941948.88,-15226.53,-1.62,False
2024-11,Baltics & Poland,net_revenue,MoM,2814919.35,2621201.04,193718.31,7.39,False
2024-11,Baltics & Poland,net_revenue,vs_budget,2814919.35,2869378.36,-54459.01,-1.9,False
2024-11,Baltics & Poland,gross_profit,MoM,1170942.49,1087987.34,82955.15,7.62,False
2024-11,Baltics & Poland,gross_profit,vs_budget,1170942.49,1216249.72,-45307.23,-3.73,True
2024-11,Baltics & Poland,material_cost,MoM,907507.28,849073.84,58433.44,6.88,False
2024-11,Baltics & Poland,material_cost,vs_budget,907507.28,908165.7,-658.42,-0.07,False
2024-11,Baltics & Poland,EBITDA,MoM,297887.14,275702.48,22184.66,8.05,False
2024-11,Baltics & Poland,EBITDA,vs_budget,297887.14,335637.51,-37750.37,-11.25,True
2024-11,Central Europe,net_revenue,MoM,3545600.35,3318843.45,226756.9,6.83,True
2024-11,Central Europe,net_revenue,vs_budget,3545600.35,3583480.47,-37880.12,-1.06,False
2024-11,Central Europe,gross_profit,MoM,1563025.28,1445178.85,117846.43,8.15,False
2024-11,Central Europe,gross_profit,vs_budget,1563025.28,1603170.53,-40145.25,-2.5,False
2024-11,Central Europe,material_cost,MoM,1088462.61,1033601.28,54861.33,5.31,False
2024-11,Central Europe,material_cost,vs_budget,1088462.61,1087906.23,556.38,0.05,False
2024-11,Central Europe,EBITDA,MoM,479819.27,402324.97,77494.3,19.26,False
2024-11,Central Europe,EBITDA,vs_budget,479819.27,503400.37,-23581.1,-4.68,False
2024-11,Company,net_revenue,MoM,14174621.66,13239506.44,935115.22,7.06,True
2024-11,Company,net_revenue,vs_budget,14174621.66,14340004.11,-165382.45,-1.15,False
2024-11,Company,gross_profit,MoM,6105949.13,5660706.43,445242.7,7.87,False
2024-11,Company,gross_profit,vs_budget,6105949.13,6257189.71,-151240.58,-2.42,False
2024-11,Company,material_cost,MoM,4435409.9,4175142.37,260267.53,6.23,False
2024-11,Company,material_cost,vs_budget,4435409.9,4440388.36,-4978.46,-0.11,False
2024-11,Company,EBITDA,MoM,1705480.07,1604749.8,100730.27,6.28,False
2024-11,Company,EBITDA,vs_budget,1705480.07,1856242.45,-150762.38,-8.12,True
2024-11,Nordics,net_revenue,MoM,7814101.96,7299461.95,514640.01,7.05,True
2024-11,Nordics,net_revenue,vs_budget,7814101.96,7887145.28,-73043.32,-0.93,False
2024-11,Nordics,gross_profit,MoM,3371981.36,3127540.24,244441.12,7.82,True
2024-11,Nordics,gross_profit,vs_budget,3371981.36,3437769.46,-65788.1,-1.91,False
2024-11,Nordics,material_cost,MoM,2439440.01,2292467.25,146972.76,6.41,False
2024-11,Nordics,material_cost,vs_budget,2439440.01,2444316.43,-4876.42,-0.2,False
2024-11,Nordics,EBITDA,MoM,927773.66,926722.35,1051.31,0.11,False
2024-11,Nordics,EBITDA,vs_budget,927773.66,1017204.57,-89430.91,-8.79,True
2024-12,Baltics & Poland,net_revenue,MoM,3245494.01,2814919.35,430574.66,15.3,True
2024-12,Baltics & Poland,net_revenue,vs_budget,3245494.01,3181385.46,64108.55,2.02,False
2024-12,Baltics & Poland,gross_profit,MoM,1364029.04,1170942.49,193086.55,16.49,True
2024-12,Baltics & Poland,gross_profit,vs_budget,1364029.04,1356946.33,7082.71,0.52,False
2024-12,Baltics & Poland,material_cost,MoM,1028358.18,907507.28,120850.9,13.32,True
2024-12,Baltics & Poland,material_cost,vs_budget,1028358.18,996744.05,31614.13,3.17,True
2024-12,Baltics & Poland,EBITDA,MoM,365667.2,297887.14,67780.06,22.75,True
2024-12,Baltics & Poland,EBITDA,vs_budget,365667.2,380579.13,-14911.93,-3.92,False
2024-12,Central Europe,net_revenue,MoM,3892583.58,3545600.35,346983.23,9.79,True
2024-12,Central Europe,net_revenue,vs_budget,3892583.58,3973140.46,-80556.88,-2.03,False
2024-12,Central Europe,gross_profit,MoM,1717288.88,1563025.28,154263.6,9.87,False
2024-12,Central Europe,gross_profit,vs_budget,1717288.88,1787612.69,-70323.81,-3.93,True
2024-12,Central Europe,material_cost,MoM,1191952.4,1088462.61,103489.79,9.51,False
2024-12,Central Europe,material_cost,vs_budget,1191952.4,1194016.93,-2064.53,-0.17,False
2024-12,Central Europe,EBITDA,MoM,515151.89,479819.27,35332.62,7.36,False
2024-12,Central Europe,EBITDA,vs_budget,515151.89,568255.88,-53103.99,-9.35,True
2024-12,Company,net_revenue,MoM,15965841.04,14174621.66,1791219.38,12.64,True
2024-12,Company,net_revenue,vs_budget,15965841.04,15899308.66,66532.38,0.42,False
2024-12,Company,gross_profit,MoM,6930856.19,6105949.13,824907.06,13.51,True
2024-12,Company,gross_profit,vs_budget,6930856.19,6978877.71,-48021.52,-0.69,False
2024-12,Company,material_cost,MoM,4935972.15,4435409.9,500562.25,11.29,True
2024-12,Company,material_cost,vs_budget,4935972.15,4873489.41,62482.74,1.28,False
2024-12,Company,EBITDA,MoM,2043503.51,1705480.07,338023.44,19.82,True
2024-12,Company,EBITDA,vs_budget,2043503.51,2099379.88,-55876.37,-2.66,False
2024-12,Nordics,net_revenue,MoM,8827763.45,7814101.96,1013661.49,12.97,True
2024-12,Nordics,net_revenue,vs_budget,8827763.45,8744782.74,82980.71,0.95,False
2024-12,Nordics,gross_profit,MoM,3849538.27,3371981.36,477556.91,14.16,True
2024-12,Nordics,gross_profit,vs_budget,3849538.27,3834318.69,15219.58,0.4,False
2024-12,Nordics,material_cost,MoM,2715661.57,2439440.01,276221.56,11.32,True
2024-12,Nordics,material_cost,vs_budget,2715661.57,2682728.43,32933.14,1.23,False
2024-12,Nordics,EBITDA,MoM,1162684.42,927773.66,234910.76,25.32,True
2024-12,Nordics,EBITDA,vs_budget,1162684.42,1150544.87,12139.55,1.06,False
2025-01,Baltics & Poland,net_revenue,MoM,2306262.44,3245494.01,-939231.57,-28.94,True
2025-01,Baltics & Poland,net_revenue,YoY,2306262.44,2193214.91,113047.53,5.15,True
2025-01,Baltics & Poland,net_revenue,vs_budget,2306262.44,2315331.67,-9069.23,-0.39,False
2025-01,Baltics & Poland,gross_profit,MoM,940669.64,1364029.04,-423359.4,-31.04,True
2025-01,Baltics & Poland,gross_profit,YoY,940669.64,886566.08,54103.56,6.1,True
2025-01,Baltics & Poland,gross_profit,vs_budget,940669.64,965123.77,-24454.13,-2.53,False
2025-01,Baltics & Poland,material_cost,MoM,758244.66,1028358.18,-270113.52,-26.27,True
2025-01,Baltics & Poland,material_cost,YoY,758244.66,734614.49,23630.17,3.22,False
2025-01,Baltics & Poland,material_cost,vs_budget,758244.66,749087.29,9157.37,1.22,False
2025-01,Baltics & Poland,EBITDA,MoM,233791.97,365667.2,-131875.23,-36.06,True
2025-01,Baltics & Poland,EBITDA,YoY,233791.97,214105.93,19686.04,9.19,False
2025-01,Baltics & Poland,EBITDA,vs_budget,233791.97,254548.48,-20756.51,-8.15,True
2025-01,Central Europe,net_revenue,MoM,2822403.92,3892583.58,-1070179.66,-27.49,True
2025-01,Central Europe,net_revenue,YoY,2822403.92,2781076.23,41327.69,1.49,False
2025-01,Central Europe,net_revenue,vs_budget,2822403.92,2891545.46,-69141.54,-2.39,False
2025-01,Central Europe,gross_profit,MoM,1226755.65,1717288.88,-490533.23,-28.56,True
2025-01,Central Europe,gross_profit,YoY,1226755.65,1191765.75,34989.9,2.94,False
2025-01,Central Europe,gross_profit,vs_budget,1226755.65,1274110.11,-47354.46,-3.72,True
2025-01,Central Europe,material_cost,MoM,888754.16,1191952.4,-303198.24,-25.44,True
2025-01,Central Europe,material_cost,YoY,888754.16,888182.07,572.09,0.06,False
2025-01,Central Europe,material_cost,vs_budget,888754.16,897343.49,-8589.33,-0.96,False
2025-01,Central Europe,EBITDA,MoM,356384.9,515151.89,-158766.99,-30.82,True
2025-01,Central Europe,EBITDA,YoY,356384.9,330481.67,25903.23,7.84,False
2025-01,Central Europe,EBITDA,vs_budget,356384.9,386694.81,-30309.91,-7.84,False
2025-01,Company,net_revenue,MoM,11383322.38,15965841.04,-4582518.66,-28.7,True
2025-01,Company,net_revenue,YoY,11383322.38,11098719.32,284603.06,2.56,False
2025-01,Company,net_revenue,vs_budget,11383322.38,11571092.96,-187770.58,-1.62,False
2025-01,Company,gross_profit,MoM,4815302.12,6930856.19,-2115554.07,-30.52,True
2025-01,Company,gross_profit,YoY,4815302.12,4652527.0,162775.12,3.5,False
2025-01,Company,gross_profit,vs_budget,4815302.12,4969383.81,-154081.69,-3.1,True
2025-01,Company,material_cost,MoM,3654847.65,4935972.15,-1281124.5,-25.95,True
2025-01,Company,material_cost,YoY,3654847.65,3611886.05,42961.6,1.19,False
2025-01,Company,material_cost,vs_budget,3654847.65,3662588.56,-7740.91,-0.21,False
2025-01,Company,EBITDA,MoM,1294384.44,2043503.51,-749119.07,-36.66,True
2025-01,Company,EBITDA,YoY,1294384.44,1218550.23,75834.21,6.22,False
2025-01,Company,EBITDA,vs_budget,1294384.44,1418215.38,-123830.94,-8.73,True
2025-01,Nordics,net_revenue,MoM,6254656.02,8827763.45,-2573107.43,-29.15,True
2025-01,Nordics,net_revenue,YoY,6254656.02,6124428.18,130227.84,2.13,False
2025-01,Nordics,net_revenue,vs_budget,6254656.02,6364215.83,-109559.81,-1.72,False
2025-01,Nordics,gross_profit,MoM,2647876.83,3849538.27,-1201661.44,-31.22,True
2025-01,Nordics,gross_profit,YoY,2647876.83,2574195.17,73681.66,2.86,False
2025-01,Nordics,gross_profit,vs_budget,2647876.83,2730149.93,-82273.1,-3.01,True
2025-01,Nordics,material_cost,MoM,2007848.83,2715661.57,-707812.74,-26.06,True
2025-01,Nordics,material_cost,YoY,2007848.83,1989089.49,18759.34,0.94,False
2025-01,Nordics,material_cost,vs_budget,2007848.83,2016157.78,-8308.95,-0.41,False
2025-01,Nordics,EBITDA,MoM,704207.57,1162684.42,-458476.85,-39.43,True
2025-01,Nordics,EBITDA,YoY,704207.57,673962.63,30244.94,4.49,False
2025-01,Nordics,EBITDA,vs_budget,704207.57,776972.09,-72764.52,-9.37,True
2025-02,Baltics & Poland,net_revenue,MoM,2652977.02,2306262.44,346714.58,15.03,True
2025-02,Baltics & Poland,net_revenue,YoY,2652977.02,2408134.79,244842.23,10.17,True
2025-02,Baltics & Poland,net_revenue,vs_budget,2652977.02,2475032.09,177944.93,7.19,True
2025-02,Baltics & Poland,gross_profit,MoM,1079868.29,940669.64,139198.65,14.8,True
2025-02,Baltics & Poland,gross_profit,YoY,1079868.29,990573.39,89294.9,9.01,True
2025-02,Baltics & Poland,gross_profit,vs_budget,1079868.29,1039001.64,40866.65,3.93,True
2025-02,Baltics & Poland,material_cost,MoM,873102.03,758244.66,114857.37,15.15,True
2025-02,Baltics & Poland,material_cost,YoY,873102.03,788695.89,84406.14,10.7,True
2025-02,Baltics & Poland,material_cost,vs_budget,873102.03,793922.18,79179.85,9.97,True
2025-02,Baltics & Poland,EBITDA,MoM,281644.75,233791.97,47852.78,20.47,True
2025-02,Baltics & Poland,EBITDA,YoY,281644.75,248858.73,32786.02,13.17,False
2025-02,Baltics & Poland,EBITDA,vs_budget,281644.75,279414.29,2230.46,0.8,False
2025-02,Central Europe,net_revenue,MoM,3071693.07,2822403.92,249289.15,8.83,True
2025-02,Central Europe,net_revenue,YoY,3071693.07,2939181.52,132511.55,4.51,False
2025-02,Central Europe,net_revenue,vs_budget,3071693.07,3090987.25,-19294.18,-0.62,False
2025-02,Central Europe,gross_profit,MoM,1349259.98,1226755.65,122504.33,9.99,False
2025-02,Central Europe,gross_profit,YoY,1349259.98,1270468.81,78791.17,6.2,True
2025-02,Central Europe,gross_profit,vs_budget,1349259.98,1370745.6,-21485.62,-1.57,False
2025-02,Central Europe,material_cost,MoM,951804.96,888754.16,63050.8,7.09,False
2025-02,Central Europe,material_cost,YoY,951804.96,931881.1,19923.86,2.14,False
2025-02,Central Europe,material_cost,vs_budget,951804.96,951050.79,754.17,0.08,False
2025-02,Central Europe,EBITDA,MoM,390951.32,356384.9,34566.42,9.7,False
2025-02,Central Europe,EBITDA,YoY,390951.32,371267.77,19683.55,5.3,False
2025-02,Central Europe,EBITDA,vs_budget,390951.32,422121.61,-31170.29,-7.38,False
2025-02,Company,net_revenue,MoM,12520559.27,11383322.38,1137236.89,9.99,True
2025-02,Company,net_revenue,YoY,12520559.27,11840999.35,679559.92,5.74,True
2025-02,Company,net_revenue,vs_budget,12520559.27,12369212.59,151346.68,1.22,False
2025-02,Company,gross_profit,MoM,4996551.27,4815302.12,181249.15,3.76,False
2025-02,Company,gross_profit,YoY,4996551.27,4931233.78,65317.49,1.32,False
2025-02,Company,gross_profit,vs_budget,4996551.27,5347882.29,-351331.02,-6.57,True
2025-02,Company,material_cost,MoM,4221541.86,3654847.65,566694.21,15.51,True
2025-02,Company,material_cost,YoY,4221541.86,3809427.65,412114.21,10.82,True
2025-02,Company,material_cost,vs_budget,4221541.86,3881804.17,339737.69,8.75,True
2025-02,Company,EBITDA,MoM,1124547.82,1294384.44,-169836.62,-13.12,False
2025-02,Company,EBITDA,YoY,1124547.82,1274750.7,-150202.88,-11.78,False
2025-02,Company,EBITDA,vs_budget,1124547.82,1551770.94,-427223.12,-27.53,True
2025-02,Nordics,net_revenue,MoM,6795889.18,6254656.02,541233.16,8.65,True
2025-02,Nordics,net_revenue,YoY,6795889.18,6493683.04,302206.14,4.65,True
2025-02,Nordics,net_revenue,vs_budget,6795889.18,6803193.25,-7304.07,-0.11,False
2025-02,Nordics,gross_profit,MoM,2567423.0,2647876.83,-80453.83,-3.04,False
2025-02,Nordics,gross_profit,YoY,2567423.0,2670191.58,-102768.58,-3.85,False
2025-02,Nordics,gross_profit,vs_budget,2567423.0,2938135.05,-370712.05,-12.62,True
2025-02,Nordics,material_cost,MoM,2396634.87,2007848.83,388786.04,19.36,True
2025-02,Nordics,material_cost,YoY,2396634.87,2088850.66,307784.21,14.73,True
2025-02,Nordics,material_cost,vs_budget,2396634.87,2136831.2,259803.67,12.16,True
2025-02,Nordics,EBITDA,MoM,451951.75,704207.57,-252255.82,-35.82,True
2025-02,Nordics,EBITDA,YoY,451951.75,654624.2,-202672.45,-30.96,True
2025-02,Nordics,EBITDA,vs_budget,451951.75,850235.04,-398283.29,-46.84,True
2025-03,Baltics & Poland,net_revenue,MoM,2881942.24,2652977.02,228965.22,8.63,True
2025-03,Baltics & Poland,net_revenue,YoY,2881942.24,2423064.47,458877.77,18.94,True
2025-03,Baltics & Poland,net_revenue,vs_budget,2881942.24,2542821.44,339120.8,13.34,True
2025-03,Baltics & Poland,gross_profit,MoM,1158214.92,1079868.29,78346.63,7.26,False
2025-03,Baltics & Poland,gross_profit,YoY,1158214.92,999297.26,158917.66,15.9,True
2025-03,Baltics & Poland,gross_profit,vs_budget,1158214.92,1071114.19,87100.73,8.13,True
2025-03,Baltics & Poland,material_cost,MoM,952674.41,873102.03,79572.38,9.11,False
2025-03,Baltics & Poland,material_cost,YoY,952674.41,787756.68,164917.73,20.94,True
2025-03,Baltics & Poland,material_cost,vs_budget,952674.41,812590.84,140083.57,17.24,True
2025-03,Baltics & Poland,EBITDA,MoM,254402.1,281644.75,-27242.65,-9.67,False
2025-03,Baltics & Poland,EBITDA,YoY,254402.1,247416.13,6985.97,2.82,False
2025-03,Baltics & Poland,EBITDA,vs_budget,254402.1,290722.29,-36320.19,-12.49,True
2025-03,Central Europe,net_revenue,MoM,3130740.53,3071693.07,59047.46,1.92,False
2025-03,Central Europe,net_revenue,YoY,3130740.53,3043173.35,87567.18,2.88,False
2025-03,Central Europe,net_revenue,vs_budget,3130740.53,3175655.72,-44915.19,-1.41,False
2025-03,Central Europe,gross_profit,MoM,1372805.41,1349259.98,23545.43,1.75,False
2025-03,Central Europe,gross_profit,YoY,1372805.41,1315681.98,57123.43,4.34,False
2025-03,Central Europe,gross_profit,vs_budget,1372805.41,1412672.07,-39866.66,-2.82,False
2025-03,Central Europe,material_cost,MoM,974195.09,951804.96,22390.13,2.35,False
2025-03,Central Europe,material_cost,YoY,974195.09,966066.36,8128.73,0.84,False
2025-03,Central Europe,material_cost,vs_budget,974195.09,973416.36,778.73,0.08,False
2025-03,Central Europe,EBITDA,MoM,403658.6,390951.32,12707.28,3.25,False
2025-03,Central Europe,EBITDA,YoY,403658.6,375920.35,27738.25,7.38,False
2025-03,Central Europe,EBITDA,vs_budget,403658.6,438063.33,-34404.73,-7.85,False
2025-03,Company,net_revenue,MoM,12974414.04,12520559.27,453854.77,3.62,False
2025-03,Company,net_revenue,YoY,12974414.04,12199531.67,774882.37,6.35,True
2025-03,Company,net_revenue,vs_budget,12974414.04,12708014.88,266399.16,2.1,False
2025-03,Company,gross_profit,MoM,5182603.77,4996551.27,186052.5,3.72,False
2025-03,Company,gross_profit,YoY,5182603.77,5173736.04,8867.73,0.17,False
2025-03,Company,gross_profit,vs_budget,5182603.77,5512236.48,-329632.71,-5.98,True
2025-03,Company,material_cost,MoM,4373331.09,4221541.86,151789.23,3.6,False
2025-03,Company,material_cost,YoY,4373331.09,3901116.01,472215.08,12.1,True
2025-03,Company,material_cost,vs_budget,4373331.09,3973087.97,400243.12,10.07,True
2025-03,Company,EBITDA,MoM,1146457.46,1124547.82,21909.64,1.95,False
2025-03,Company,EBITDA,YoY,1146457.46,1382439.43,-235981.97,-17.07,True
2025-03,Company,EBITDA,vs_budget,1146457.46,1612146.72,-465689.26,-28.89,True
2025-03,Nordics,net_revenue,MoM,6961731.27,6795889.18,165842.09,2.44,False
2025-03,Nordics,net_revenue,YoY,6961731.27,6733293.85,228437.42,3.39,True
2025-03,Nordics,net_revenue,vs_budget,6961731.27,6989537.72,-27806.45,-0.4,False
2025-03,Nordics,gross_profit,MoM,2651583.44,2567423.0,84160.44,3.28,False
2025-03,Nordics,gross_profit,YoY,2651583.44,2858756.8,-207173.36,-7.25,True
2025-03,Nordics,gross_profit,vs_budget,2651583.44,3028450.22,-376866.78,-12.44,True
2025-03,Nordics,material_cost,MoM,2446461.59,2396634.87,49826.72,2.08,False
2025-03,Nordics,material_cost,YoY,2446461.59,2147292.97,299168.62,13.93,True
2025-03,Nordics,material_cost,vs_budget,2446461.59,2187080.77,259380.82,11.86,True
2025-03,Nordics,EBITDA,MoM,488396.76,451951.75,36445.01,8.06,False
2025-03,Nordics,EBITDA,YoY,488396.76,759102.95,-270706.19,-35.66,True
2025-03,Nordics,EBITDA,vs_budget,488396.76,883361.1,-394964.34,-44.71,True
2025-04,Baltics & Poland,net_revenue,MoM,3132471.62,2881942.24,250529.38,8.69,True
2025-04,Baltics & Poland,net_revenue,YoY,3132471.62,2488412.61,644059.01,25.88,True
2025-04,Baltics & Poland,net_revenue,vs_budget,3132471.62,2597402.2,535069.42,20.6,True
2025-04,Baltics & Poland,gross_profit,MoM,1245232.99,1158214.92,87018.07,7.51,False
2025-04,Baltics & Poland,gross_profit,YoY,1245232.99,1025549.86,219683.13,21.42,True
2025-04,Baltics & Poland,gross_profit,vs_budget,1245232.99,1097348.87,147884.12,13.48,True
2025-04,Baltics & Poland,material_cost,MoM,1040957.99,952674.41,88283.58,9.27,False
2025-04,Baltics & Poland,material_cost,YoY,1040957.99,814007.87,226950.12,27.88,True
2025-04,Baltics & Poland,material_cost,vs_budget,1040957.99,826924.01,214033.98,25.88,True
2025-04,Baltics & Poland,EBITDA,MoM,259896.64,254402.1,5494.54,2.16,False
2025-04,Baltics & Poland,EBITDA,YoY,259896.64,262349.04,-2452.4,-0.93,False
2025-04,Baltics & Poland,EBITDA,vs_budget,259896.64,300206.14,-40309.5,-13.43,True
2025-04,Central Europe,net_revenue,MoM,3231241.78,3130740.53,100501.25,3.21,False
2025-04,Central Europe,net_revenue,YoY,3231241.78,3094036.86,137204.92,4.43,False
2025-04,Central Europe,net_revenue,vs_budget,3231241.78,3243812.04,-12570.26,-0.39,False
2025-04,Central Europe,gross_profit,MoM,1423222.09,1372805.41,50416.68,3.67,False
2025-04,Central Europe,gross_profit,YoY,1423222.09,1341462.2,81759.89,6.09,True
2025-04,Central Europe,gross_profit,vs_budget,1423222.09,1446875.83,-23653.74,-1.63,False
2025-04,Central Europe,material_cost,MoM,992362.44,974195.09,18167.35,1.86,False
2025-04,Central Europe,material_cost,YoY,992362.44,974697.55,17664.89,1.81,False
2025-04,Central Europe,material_cost,vs_budget,992362.44,990584.6,1777.84,0.18,False
2025-04,Central Europe,EBITDA,MoM,435078.47,403658.6,31419.87,7.78,False
2025-04,Central Europe,EBITDA,YoY,435078.47,381031.85,54046.62,14.18,False
2025-04,Central Europe,EBITDA,vs_budget,435078.47,451349.91,-16271.44,-3.61,False
2025-04,Company,net_revenue,MoM,13523309.96,12974414.04,548895.92,4.23,True
2025-04,Company,net_revenue,YoY,13523309.96,12426115.22,1097194.74,8.83,True
2025-04,Company,net_revenue,vs_budget,13523309.96,12980780.73,542529.23,4.18,True
2025-04,Company,gross_profit,MoM,5393609.75,5182603.77,211005.98,4.07,False
2025-04,Company,gross_profit,YoY,5393609.75,5290264.73,103345.02,1.95,False
2025-04,Company,gross_profit,vs_budget,5393609.75,5646410.12,-252800.37,-4.48,True
2025-04,Company,material_cost,MoM,4533185.61,4373331.09,159854.52,3.66,False
2025-04,Company,material_cost,YoY,4533185.61,3958869.91,574315.7,14.51,True
2025-04,Company,material_cost,vs_budget,4533185.61,4043167.08,490018.53,12.12,True
2025-04,Company,EBITDA,MoM,3394940.51,1146457.46,2248483.05,196.12,True
2025-04,Company,EBITDA,YoY,3394940.51,1451570.89,1943369.62,133.88,True
2025-04,Company,EBITDA,vs_budget,3394940.51,1662608.51,1732332.0,104.19,True
2025-04,Nordics,net_revenue,MoM,7159596.56,6961731.27,197865.29,2.84,False
2025-04,Nordics,net_revenue,YoY,7159596.56,6843665.75,315930.81,4.62,True
2025-04,Nordics,net_revenue,vs_budget,7159596.56,7139566.49,20030.07,0.28,False
2025-04,Nordics,gross_profit,MoM,2725154.67,2651583.44,73571.23,2.77,False
2025-04,Nordics,gross_profit,YoY,2725154.67,2923252.67,-198098.0,-6.78,True
2025-04,Nordics,gross_profit,vs_budget,2725154.67,3102185.42,-377030.75,-12.15,True
2025-04,Nordics,material_cost,MoM,2499865.18,2446461.59,53403.59,2.18,False
2025-04,Nordics,material_cost,YoY,2499865.18,2170164.49,329700.69,15.19,True
2025-04,Nordics,material_cost,vs_budget,2499865.18,2225658.47,274206.71,12.32,True
2025-04,Nordics,EBITDA,MoM,2699965.4,488396.76,2211568.64,452.82,True
2025-04,Nordics,EBITDA,YoY,2699965.4,808190.0,1891775.4,234.08,True
2025-04,Nordics,EBITDA,vs_budget,2699965.4,911052.46,1788912.94,196.36,True
2025-05,Baltics & Poland,net_revenue,MoM,3291428.83,3132471.62,158957.21,5.07,False
2025-05,Baltics & Poland,net_revenue,YoY,3291428.83,2518853.3,772575.53,30.67,True
2025-05,Baltics & Poland,net_revenue,vs_budget,3291428.83,2651600.2,639828.63,24.13,True
2025-05,Baltics & Poland,gross_profit,MoM,1296396.29,1245232.99,51163.3,4.11,False
2025-05,Baltics & Poland,gross_profit,YoY,1296396.29,1039373.16,257023.13,24.73,True
2025-05,Baltics & Poland,gross_profit,vs_budget,1296396.29,1119571.36,176824.93,15.79,True
2025-05,Baltics & Poland,material_cost,MoM,1099665.36,1040957.99,58707.37,5.64,False
2025-05,Baltics & Poland,material_cost,YoY,1099665.36,821909.56,277755.8,33.79,True
2025-05,Baltics & Poland,material_cost,vs_budget,1099665.36,841299.18,258366.18,30.71,True
2025-05,Baltics & Poland,EBITDA,MoM,285292.66,259896.64,25396.02,9.77,False
2025-05,Baltics & Poland,EBITDA,YoY,285292.66,235761.34,49531.32,21.01,True
2025-05,Baltics & Poland,EBITDA,vs_budget,285292.66,305795.25,-20502.59,-6.7,False
2025-05,Central Europe,net_revenue,MoM,3290016.26,3231241.78,58774.48,1.82,False
2025-05,Central Europe,net_revenue,YoY,3290016.26,3269305.85,20710.41,0.63,False
2025-05,Central Europe,net_revenue,vs_budget,3290016.26,3311498.62,-21482.36,-0.65,False
2025-05,Central Europe,gross_profit,MoM,1453253.37,1423222.09,30031.28,2.11,False
2025-05,Central Europe,gross_profit,YoY,1453253.37,1426601.91,26651.46,1.87,False
2025-05,Central Europe,gross_profit,vs_budget,1453253.37,1476258.13,-23004.76,-1.56,False
2025-05,Central Europe,material_cost,MoM,1010048.65,992362.44,17686.21,1.78,False
2025-05,Central Europe,material_cost,YoY,1010048.65,1021859.93,-11811.28,-1.16,False
2025-05,Central Europe,material_cost,vs_budget,1010048.65,1007805.05,2243.6,0.22,False
2025-05,Central Europe,EBITDA,MoM,415703.57,435078.47,-19374.9,-4.45,False
2025-05,Central Europe,EBITDA,YoY,415703.57,399405.72,16297.85,4.08,False
2025-05,Central Europe,EBITDA,vs_budget,415703.57,459959.21,-44255.64,-9.62,True
2025-05,Company,net_revenue,MoM,13668926.0,13523309.96,145616.04,1.08,False
2025-05,Company,net_revenue,YoY,13668926.0,12779462.91,889463.09,6.96,True
2025-05,Company,net_revenue,vs_budget,13668926.0,13251619.35,417306.65,3.15,True
2025-05,Company,gross_profit,MoM,5440092.93,5393609.75,46483.18,0.86,False
2025-05,Company,gross_profit,YoY,5440092.93,5419907.81,20185.12,0.37,False
2025-05,Company,gross_profit,vs_budget,5440092.93,5760918.24,-320825.31,-5.57,True
2025-05,Company,material_cost,MoM,4587789.75,4533185.61,54604.14,1.2,False
2025-05,Company,material_cost,YoY,4587789.75,4094878.67,492911.08,12.04,True
2025-05,Company,material_cost,vs_budget,4587789.75,4113447.8,474341.95,11.53,True
2025-05,Company,EBITDA,MoM,1201841.2,3394940.51,-2193099.31,-64.6,True
2025-05,Company,EBITDA,YoY,1201841.2,1441897.01,-240055.81,-16.65,True
2025-05,Company,EBITDA,vs_budget,1201841.2,1693996.26,-492155.06,-29.05,True
2025-05,Nordics,net_revenue,MoM,7087480.91,7159596.56,-72115.65,-1.01,False
2025-05,Nordics,net_revenue,YoY,7087480.91,6991303.76,96177.15,1.38,False
2025-05,Nordics,net_revenue,vs_budget,7087480.91,7288520.53,-201039.62,-2.76,True
2025-05,Nordics,gross_profit,MoM,2690443.27,2725154.67,-34711.4,-1.27,False
2025-05,Nordics,gross_profit,YoY,2690443.27,2953932.74,-263489.47,-8.92,True
2025-05,Nordics,gross_profit,vs_budget,2690443.27,3165088.75,-474645.48,-15.0,True
2025-05,Nordics,material_cost,MoM,2478075.74,2499865.18,-21789.44,-0.87,False
2025-05,Nordics,material_cost,YoY,2478075.74,2251109.18,226966.56,10.08,True
2025-05,Nordics,material_cost,vs_budget,2478075.74,2264343.57,213732.17,9.44,True
2025-05,Nordics,EBITDA,MoM,500844.97,2699965.4,-2199120.43,-81.45,True
2025-05,Nordics,EBITDA,YoY,500844.97,806729.95,-305884.98,-37.92,True
2025-05,Nordics,EBITDA,vs_budget,500844.97,928241.8,-427396.83,-46.04,True
2025-06,Baltics & Poland,net_revenue,MoM,3610568.1,3291428.83,319139.27,9.7,True
2025-06,Baltics & Poland,net_revenue,YoY,3610568.1,2569590.77,1040977.33,40.51,True
2025-06,Baltics & Poland,net_revenue,vs_budget,3610568.1,2703183.15,907384.95,33.57,True
2025-06,Baltics & Poland,gross_profit,MoM,1421615.59,1296396.29,125219.3,9.66,False
2025-06,Baltics & Poland,gross_profit,YoY,1421615.59,1067831.83,353783.76,33.13,True
2025-06,Baltics & Poland,gross_profit,vs_budget,1421615.59,1143556.73,278058.86,24.32,True
2025-06,Baltics & Poland,material_cost,MoM,1200909.94,1099665.36,101244.58,9.21,False
2025-06,Baltics & Poland,material_cost,YoY,1200909.94,831506.62,369403.32,44.43,True
2025-06,Baltics & Poland,material_cost,vs_budget,1200909.94,855713.63,345196.31,40.34,True
2025-06,Baltics & Poland,EBITDA,MoM,296079.06,285292.66,10786.4,3.78,False
2025-06,Baltics & Poland,EBITDA,YoY,296079.06,280927.23,15151.83,5.39,False
2025-06,Baltics & Poland,EBITDA,vs_budget,296079.06,313949.82,-17870.76,-5.69,False
2025-06,Central Europe,net_revenue,MoM,3312197.53,3290016.26,22181.27,0.67,False
2025-06,Central Europe,net_revenue,YoY,3312197.53,3181309.63,130887.9,4.11,False
2025-06,Central Europe,net_revenue,vs_budget,3312197.53,3375919.8,-63722.27,-1.89,False
2025-06,Central Europe,gross_profit,MoM,1441866.59,1453253.37,-11386.78,-0.78,False
2025-06,Central Europe,gross_profit,YoY,1441866.59,1383775.4,58091.19,4.2,False
2025-06,Central Europe,gross_profit,vs_budget,1441866.59,1507619.79,-65753.2,-4.36,True
2025-06,Central Europe,material_cost,MoM,1029237.0,1010048.65,19188.35,1.9,False
2025-06,Central Europe,material_cost,YoY,1029237.0,994806.4,34430.6,3.46,False
2025-06,Central Europe,material_cost,vs_budget,1029237.0,1025072.09,4164.91,0.41,False
2025-06,Central Europe,EBITDA,MoM,422399.62,415703.57,6696.05,1.61,False
2025-06,Central Europe,EBITDA,YoY,422399.62,412496.35,9903.27,2.4,False
2025-06,Central Europe,EBITDA,vs_budget,422399.62,471550.0,-49150.38,-10.42,True
2025-06,Company,net_revenue,MoM,14322019.51,13668926.0,653093.51,4.78,True
2025-06,Company,net_revenue,YoY,14322019.51,12893937.82,1428081.69,11.08,True
2025-06,Company,net_revenue,vs_budget,14322019.51,13509424.5,812595.01,6.02,True
2025-06,Company,gross_profit,MoM,5718992.49,5440092.93,278899.56,5.13,False
2025-06,Company,gross_profit,YoY,5718992.49,5471621.8,247370.69,4.52,False
2025-06,Company,gross_profit,vs_budget,5718992.49,5883781.02,-164788.53,-2.8,False
2025-06,Company,material_cost,MoM,4783531.54,4587789.75,195741.79,4.27,False
2025-06,Company,material_cost,YoY,4783531.54,4122474.86,661056.68,16.04,True
2025-06,Company,material_cost,vs_budget,4783531.54,4183928.92,599602.62,14.33,True
2025-06,Company,EBITDA,MoM,1264462.95,1201841.2,62621.75,5.21,False
2025-06,Company,EBITDA,YoY,1264462.95,1517994.3,-253531.35,-16.7,True
2025-06,Company,EBITDA,vs_budget,1264462.95,1737738.64,-473275.69,-27.24,True
2025-06,Nordics,net_revenue,MoM,7399253.88,7087480.91,311772.97,4.4,True
2025-06,Nordics,net_revenue,YoY,7399253.88,7143037.42,256216.46,3.59,True
2025-06,Nordics,net_revenue,vs_budget,7399253.88,7430321.55,-31067.67,-0.42,False
2025-06,Nordics,gross_profit,MoM,2855510.31,2690443.27,165067.04,6.14,False
2025-06,Nordics,gross_profit,YoY,2855510.31,3020014.57,-164504.26,-5.45,True
2025-06,Nordics,gross_profit,vs_budget,2855510.31,3232604.5,-377094.19,-11.67,True
2025-06,Nordics,material_cost,MoM,2553384.6,2478075.74,75308.86,3.04,False
2025-06,Nordics,material_cost,YoY,2553384.6,2296161.84,257222.76,11.2,True
2025-06,Nordics,material_cost,vs_budget,2553384.6,2303143.2,250241.4,10.87,True
2025-06,Nordics,EBITDA,MoM,545984.27,500844.97,45139.3,9.01,False
2025-06,Nordics,EBITDA,YoY,545984.27,824570.72,-278586.45,-33.79,True
2025-06,Nordics,EBITDA,vs_budget,545984.27,952238.82,-406254.55,-42.66,True
2025-07,Baltics & Poland,net_revenue,MoM,3135305.41,3610568.1,-475262.69,-13.16,True
2025-07,Baltics & Poland,net_revenue,YoY,3135305.41,2524013.65,611291.76,24.22,True
2025-07,Baltics & Poland,net_revenue,vs_budget,3135305.41,2666240.0,469065.41,17.59,True
2025-07,Baltics & Poland,gross_profit,MoM,1210568.89,1421615.59,-211046.7,-14.85,True
2025-07,Baltics & Poland,gross_profit,YoY,1210568.89,1036628.94,173939.95,16.78,True
2025-07,Baltics & Poland,gross_profit,vs_budget,1210568.89,1129769.31,80799.58,7.15,True
2025-07,Baltics & Poland,material_cost,MoM,1055153.8,1200909.94,-145756.14,-12.14,True
2025-07,Baltics & Poland,material_cost,YoY,1055153.8,826303.6,228850.2,27.7,True
2025-07,Baltics & Poland,material_cost,vs_budget,1055153.8,843713.98,211439.82,25.06,True
2025-07,Baltics & Poland,EBITDA,MoM,243528.91,296079.06,-52550.15,-17.75,False
2025-07,Baltics & Poland,EBITDA,YoY,243528.91,246610.83,-3081.92,-1.25,False
2025-07,Baltics & Poland,EBITDA,vs_budget,243528.91,311500.25,-67971.34,-21.82,True
2025-07,Central Europe,net_revenue,MoM,3395616.84,3312197.53,83419.31,2.52,False
2025-07,Central Europe,net_revenue,YoY,3395616.84,3191113.39,204503.45,6.41,True
2025-07,Central Europe,net_revenue,vs_budget,3395616.84,3395076.09,540.75,0.02,False
2025-07,Central Europe,gross_profit,MoM,1527267.17,1441866.59,85400.58,5.92,False
2025-07,Central Europe,gross_profit,YoY,1527267.17,1384880.25,142386.92,10.28,True
2025-07,Central Europe,gross_profit,vs_budget,1527267.17,1554514.07,-27246.9,-1.75,False
2025-07,Central Europe,material_cost,MoM,1029745.82,1029237.0,508.82,0.05,False
2025-07,Central Europe,material_cost,YoY,1029745.82,999221.56,30524.26,3.05,False
2025-07,Central Europe,material_cost,vs_budget,1029745.82,1010698.13,19047.69,1.88,False
2025-07,Central Europe,EBITDA,MoM,467036.73,422399.62,44637.11,10.57,False
2025-07,Central Europe,EBITDA,YoY,467036.73,400878.07,66158.66,16.5,True
2025-07,Central Europe,EBITDA,vs_budget,467036.73,512565.22,-45528.49,-8.88,True
2025-07,Company,net_revenue,MoM,13739213.75,14322019.51,-582805.76,-4.07,True
2025-07,Company,net_revenue,YoY,13739213.75,12643831.2,1095382.55,8.66,True
2025-07,Company,net_revenue,vs_budget,13739213.75,13390082.68,349131.07,2.61,True
2025-07,Company,gross_profit,MoM,5580912.94,5718992.49,-138079.55,-2.41,False
2025-07,Company,gross_profit,YoY,5580912.94,5340297.82,240615.12,4.51,False
2025-07,Company,gross_profit,vs_budget,5580912.94,5877659.63,-296746.69,-5.05,True
2025-07,Company,material_cost,MoM,4528852.53,4783531.54,-254679.01,-5.32,False
2025-07,Company,material_cost,YoY,4528852.53,4047521.57,481330.96,11.89,True
2025-07,Company,material_cost,vs_budget,4528852.53,4125257.14,403595.39,9.78,True
2025-07,Company,EBITDA,MoM,1318434.92,1264462.95,53971.97,4.27,False
2025-07,Company,EBITDA,YoY,1318434.92,1440006.84,-121571.92,-8.44,False
2025-07,Company,EBITDA,vs_budget,1318434.92,1768243.25,-449808.33,-25.44,True
2025-07,Nordics,net_revenue,MoM,7208291.5,7399253.88,-190962.38,-2.58,False
2025-07,Nordics,net_revenue,YoY,7208291.5,6928704.16,279587.34,4.04,True
2025-07,Nordics,net_revenue,vs_budget,7208291.5,7328766.59,-120475.09,-1.64,False
2025-07,Nordics,gross_profit,MoM,2843076.88,2855510.31,-12433.43,-0.44,False
2025-07,Nordics,gross_profit,YoY,2843076.88,2918788.63,-75711.75,-2.59,False
2025-07,Nordics,gross_profit,vs_budget,2843076.88,3193376.25,-350299.37,-10.97,True
2025-07,Nordics,material_cost,MoM,2443952.91,2553384.6,-109431.69,-4.29,False
2025-07,Nordics,material_cost,YoY,2443952.91,2221996.41,221956.5,9.99,True
2025-07,Nordics,material_cost,vs_budget,2443952.91,2270845.03,173107.88,7.62,True
2025-07,Nordics,EBITDA,MoM,607869.28,545984.27,61885.01,11.33,False
2025-07,Nordics,EBITDA,YoY,607869.28,792517.94,-184648.66,-23.3,True
2025-07,Nordics,EBITDA,vs_budget,607869.28,944177.78,-336308.5,-35.62,True
2025-08,Baltics & Poland,net_revenue,MoM,3270463.05,3135305.41,135157.64,4.31,False
2025-08,Baltics & Poland,net_revenue,YoY,3270463.05,2501759.97,768703.08,30.73,True
2025-08,Baltics & Poland,net_revenue,vs_budget,3270463.05,2625306.07,645156.98,24.57,True
2025-08,Baltics & Poland,gross_profit,MoM,1246055.98,1210568.89,35487.09,2.93,False
2025-08,Baltics & Poland,gross_profit,YoY,1246055.98,1039135.84,206920.14,19.91,True
2025-08,Baltics & Poland,gross_profit,vs_budget,1246055.98,1106682.31,139373.67,12.59,True
2025-08,Baltics & Poland,material_cost,MoM,1106733.77,1055153.8,51579.97,4.89,False
2025-08,Baltics & Poland,material_cost,YoY,1106733.77,813043.61,293690.16,36.12,True
2025-08,Baltics & Poland,material_cost,vs_budget,1106733.77,831678.18,275055.59,33.07,True
2025-08,Baltics & Poland,EBITDA,MoM,239055.61,243528.91,-4473.3,-1.84,False
2025-08,Baltics & Poland,EBITDA,YoY,239055.61,254579.82,-15524.21,-6.1,False
2025-08,Baltics & Poland,EBITDA,vs_budget,239055.61,300975.88,-61920.27,-20.57,True
2025-08,Central Europe,net_revenue,MoM,3308238.36,3395616.84,-87378.48,-2.57,False
2025-08,Central Europe,net_revenue,YoY,3308238.36,3100687.49,207550.87,6.69,True
2025-08,Central Europe,net_revenue,vs_budget,3308238.36,3342874.28,-34635.92,-1.04,False
2025-08,Central Europe,gross_profit,MoM,1490676.89,1527267.17,-36590.28,-2.4,False
2025-08,Central Europe,gross_profit,YoY,1490676.89,1360860.83,129816.06,9.54,True
2025-08,Central Europe,gross_profit,vs_budget,1490676.89,1523696.03,-33019.14,-2.17,False
2025-08,Central Europe,material_cost,MoM,1001980.96,1029745.82,-27764.86,-2.7,False
2025-08,Central Europe,material_cost,YoY,1001980.96,964424.02,37556.94,3.89,False
2025-08,Central Europe,material_cost,vs_budget,1001980.96,996277.58,5703.38,0.57,False
2025-08,Central Europe,EBITDA,MoM,489972.4,467036.73,22935.67,4.91,False
2025-08,Central Europe,EBITDA,YoY,489972.4,400176.5,89795.9,22.44,True
2025-08,Central Europe,EBITDA,vs_budget,489972.4,497767.91,-7795.51,-1.57,False
2025-08,Company,net_revenue,MoM,13927903.27,13739213.75,188689.52,1.37,False
2025-08,Company,net_revenue,YoY,13927903.27,12344994.65,1582908.62,12.82,True
2025-08,Company,net_revenue,vs_budget,13927903.27,13184428.28,743474.99,5.64,True
2025-08,Company,gross_profit,MoM,5575847.3,5580912.94,-5065.64,-0.09,False
2025-08,Company,gross_profit,YoY,5575847.3,5216862.71,358984.59,6.88,True
2025-08,Company,gross_profit,vs_budget,5575847.3,5759273.38,-183426.08,-3.18,True
2025-08,Company,material_cost,MoM,4650808.54,4528852.53,121956.01,2.69,False
2025-08,Company,material_cost,YoY,4650808.54,3960733.06,690075.48,17.42,True
2025-08,Company,material_cost,vs_budget,4650808.54,4066404.58,584403.96,14.37,True
2025-08,Company,EBITDA,MoM,1293907.69,1318434.92,-24527.23,-1.86,False
2025-08,Company,EBITDA,YoY,1293907.69,1388703.24,-94795.55,-6.83,False
2025-08,Company,EBITDA,vs_budget,1293907.69,1712972.34,-419064.65,-24.46,True
2025-08,Nordics,net_revenue,MoM,7349201.86,7208291.5,140910.36,1.95,False
2025-08,Nordics,net_revenue,YoY,7349201.86,6742547.19,606654.67,9.0,True
2025-08,Nordics,net_revenue,vs_budget,7349201.86,7216247.93,132953.93,1.84,False
2025-08,Nordics,gross_profit,MoM,2839114.43,2843076.88,-3962.45,-0.14,False
2025-08,Nordics,gross_profit,YoY,2839114.43,2816866.04,22248.39,0.79,False
2025-08,Nordics,gross_profit,vs_budget,2839114.43,3128895.04,-289780.61,-9.26,True
2025-08,Nordics,material_cost,MoM,2542093.81,2443952.91,98140.9,4.02,False
2025-08,Nordics,material_cost,YoY,2542093.81,2183265.43,358828.38,16.44,True
2025-08,Nordics,material_cost,vs_budget,2542093.81,2238448.82,303644.99,13.56,True
2025-08,Nordics,EBITDA,MoM,564879.68,607869.28,-42989.6,-7.07,False
2025-08,Nordics,EBITDA,YoY,564879.68,733946.92,-169067.24,-23.04,True
2025-08,Nordics,EBITDA,vs_budget,564879.68,914228.55,-349348.87,-38.21,True
2025-09,Baltics & Poland,net_revenue,MoM,3336840.19,3270463.05,66377.14,2.03,False
2025-09,Baltics & Poland,net_revenue,YoY,3336840.19,2651981.57,684858.62,25.82,True
2025-09,Baltics & Poland,net_revenue,vs_budget,3336840.19,2711575.14,625265.05,23.06,True
2025-09,Baltics & Poland,gross_profit,MoM,1236726.46,1246055.98,-9329.52,-0.75,False
2025-09,Baltics & Poland,gross_profit,YoY,1236726.46,1108118.44,128608.02,11.61,True
2025-09,Baltics & Poland,gross_profit,vs_budget,1236726.46,1147518.06,89208.4,7.77,True
2025-09,Baltics & Poland,material_cost,MoM,1150723.2,1106733.77,43989.43,3.97,False
2025-09,Baltics & Poland,material_cost,YoY,1150723.2,854270.63,296452.57,34.7,True
2025-09,Baltics & Poland,material_cost,vs_budget,1150723.2,854980.12,295743.08,34.59,True
2025-09,Baltics & Poland,EBITDA,MoM,200629.54,239055.61,-38426.07,-16.07,False
2025-09,Baltics & Poland,EBITDA,YoY,200629.54,279716.49,-79086.95,-28.27,True
2025-09,Baltics & Poland,EBITDA,vs_budget,200629.54,315335.65,-114706.11,-36.38,True
2025-09,Central Europe,net_revenue,MoM,3479003.14,3308238.36,170764.78,5.16,False
2025-09,Central Europe,net_revenue,YoY,3479003.14,3251976.15,227026.99,6.98,True
2025-09,Central Europe,net_revenue,vs_budget,3479003.14,3455392.72,23610.42,0.68,False
2025-09,Central Europe,gross_profit,MoM,1582846.84,1490676.89,92169.95,6.18,False
2025-09,Central Europe,gross_profit,YoY,1582846.84,1439292.81,143554.03,9.97,True
2025-09,Central Europe,gross_profit,vs_budget,1582846.84,1581784.04,1062.8,0.07,False
2025-09,Central Europe,material_cost,MoM,1043003.19,1001980.96,41022.23,4.09,False
2025-09,Central Europe,material_cost,YoY,1043003.19,1000130.89,42872.3,4.29,False
2025-09,Central Europe,material_cost,vs_budget,1043003.19,1024194.21,18808.98,1.84,False
2025-09,Central Europe,EBITDA,MoM,508813.04,489972.4,18840.64,3.85,False
2025-09,Central Europe,EBITDA,YoY,508813.04,431753.43,77059.61,17.85,True
2025-09,Central Europe,EBITDA,vs_budget,508813.04,521324.02,-12510.98,-2.4,False
2025-09,Company,net_revenue,MoM,14364392.29,13927903.27,436489.02,3.13,False
2025-09,Company,net_revenue,YoY,14364392.29,13073084.23,1291308.06,9.88,True
2025-09,Company,net_revenue,vs_budget,14364392.29,13620357.87,744034.42,5.46,True
2025-09,Company,gross_profit,MoM,5761487.51,5575847.3,185640.21,3.33,False
2025-09,Company,gross_profit,YoY,5761487.51,5611925.31,149562.2,2.67,False
2025-09,Company,gross_profit,vs_budget,5761487.51,5973049.21,-211561.7,-3.54,True
2025-09,Company,material_cost,MoM,4765634.28,4650808.54,114825.74,2.47,False
2025-09,Company,material_cost,YoY,4765634.28,4137870.62,627763.66,15.17,True
2025-09,Company,material_cost,vs_budget,4765634.28,4180343.78,585290.5,14.0,True
2025-09,Company,EBITDA,MoM,1309408.89,1293907.69,15501.2,1.2,False
2025-09,Company,EBITDA,YoY,1309408.89,1486679.25,-177270.36,-11.92,False
2025-09,Company,EBITDA,vs_budget,1309408.89,1792961.39,-483552.5,-26.97,True
2025-09,Nordics,net_revenue,MoM,7548548.96,7349201.86,199347.1,2.71,False
2025-09,Nordics,net_revenue,YoY,7548548.96,7169126.51,379422.45,5.29,True
2025-09,Nordics,net_revenue,vs_budget,7548548.96,7453390.01,95158.95,1.28,False
2025-09,Nordics,gross_profit,MoM,2941914.21,2839114.43,102799.78,3.62,False
2025-09,Nordics,gross_profit,YoY,2941914.21,3064514.06,-122599.85,-4.0,False
2025-09,Nordics,gross_profit,vs_budget,2941914.21,3243747.11,-301832.9,-9.31,True
2025-09,Nordics,material_cost,MoM,2571907.89,2542093.81,29814.08,1.17,False
2025-09,Nordics,material_cost,YoY,2571907.89,2283469.1,288438.79,12.63,True
2025-09,Nordics,material_cost,vs_budget,2571907.89,2301169.45,270738.44,11.77,True
2025-09,Nordics,EBITDA,MoM,599966.31,564879.68,35086.63,6.21,False
2025-09,Nordics,EBITDA,YoY,599966.31,775209.33,-175243.02,-22.61,True
2025-09,Nordics,EBITDA,vs_budget,599966.31,956301.72,-356335.41,-37.26,True
2025-10,Baltics & Poland,net_revenue,MoM,3523535.4,3336840.19,186695.21,5.59,False
2025-10,Baltics & Poland,net_revenue,YoY,3523535.4,2621201.04,902334.36,34.42,True
2025-10,Baltics & Poland,net_revenue,vs_budget,3523535.4,2797514.51,726020.89,25.95,True
2025-10,Baltics & Poland,gross_profit,MoM,1305284.42,1236726.46,68557.96,5.54,False
2025-10,Baltics & Poland,gross_profit,YoY,1305284.42,1087987.34,217297.08,19.97,True
2025-10,Baltics & Poland,gross_profit,vs_budget,1305284.42,1188378.52,116905.9,9.84,True
2025-10,Baltics & Poland,material_cost,MoM,1209591.43,1150723.2,58868.23,5.12,False
2025-10,Baltics & Poland,material_cost,YoY,1209591.43,849073.84,360517.59,42.46,True
2025-10,Baltics & Poland,material_cost,vs_budget,1209591.43,878353.43,331238.0,37.71,True
2025-10,Baltics & Poland,EBITDA,MoM,218844.42,200629.54,18214.88,9.08,False
2025-10,Baltics & Poland,EBITDA,YoY,218844.42,275702.48,-56858.06,-20.62,True
2025-10,Baltics & Poland,EBITDA,vs_budget,218844.42,329821.31,-110976.89,-33.65,True
2025-10,Central Europe,net_revenue,MoM,3537082.03,3479003.14,58078.89,1.67,False
2025-10,Central Europe,net_revenue,YoY,3537082.03,3318843.45,218238.58,6.58,True
2025-10,Central Europe,net_revenue,vs_budget,3537082.03,3563808.94,-26726.91,-0.75,False
2025-10,Central Europe,gross_profit,MoM,1605184.57,1582846.84,22337.73,1.41,False
2025-10,Central Europe,gross_profit,YoY,1605184.57,1445178.85,160005.72,11.07,True
2025-10,Central Europe,gross_profit,vs_budget,1605184.57,1636203.05,-31018.48,-1.9,False
2025-10,Central Europe,material_cost,MoM,1059863.11,1043003.19,16859.92,1.62,False
2025-10,Central Europe,material_cost,YoY,1059863.11,1033601.28,26261.83,2.54,False
2025-10,Central Europe,material_cost,vs_budget,1059863.11,1052191.64,7671.47,0.73,False
2025-10,Central Europe,EBITDA,MoM,503100.76,508813.04,-5712.28,-1.12,False
2025-10,Central Europe,EBITDA,YoY,503100.76,402324.97,100775.79,25.05,True
2025-10,Central Europe,EBITDA,vs_budget,503100.76,542470.09,-39369.33,-7.26,False
2025-10,Company,net_revenue,MoM,14737889.57,14364392.29,373497.28,2.6,False
2025-10,Company,net_revenue,YoY,14737889.57,13239506.44,1498383.13,11.32,True
2025-10,Company,net_revenue,vs_budget,14737889.57,14050932.48,686957.09,4.89,True
2025-10,Company,gross_profit,MoM,5927715.78,5761487.51,166228.27,2.89,False
2025-10,Company,gross_profit,YoY,5927715.78,5660706.43,267009.35,4.72,False
2025-10,Company,gross_profit,vs_budget,5927715.78,6183220.42,-255504.64,-4.13,True
2025-10,Company,material_cost,MoM,4865863.98,4765634.28,100229.7,2.1,False
2025-10,Company,material_cost,YoY,4865863.98,4175142.37,690721.61,16.54,True
2025-10,Company,material_cost,vs_budget,4865863.98,4294622.72,571241.26,13.3,True
2025-10,Company,EBITDA,MoM,1359747.57,1309408.89,50338.68,3.84,False
2025-10,Company,EBITDA,YoY,1359747.57,1604749.8,-245002.23,-15.27,True
2025-10,Company,EBITDA,vs_budget,1359747.57,1870989.24,-511241.67,-27.32,True
2025-10,Nordics,net_revenue,MoM,7677272.14,7548548.96,128723.18,1.71,False
2025-10,Nordics,net_revenue,YoY,7677272.14,7299461.95,377810.19,5.18,True
2025-10,Nordics,net_revenue,vs_budget,7677272.14,7689609.03,-12336.89,-0.16,False
2025-10,Nordics,gross_profit,MoM,3017246.79,2941914.21,75332.58,2.56,False
2025-10,Nordics,gross_profit,YoY,3017246.79,3127540.24,-110293.45,-3.53,False
2025-10,Nordics,gross_profit,vs_budget,3017246.79,3358638.85,-341392.06,-10.16,True
2025-10,Nordics,material_cost,MoM,2596409.44,2571907.89,24501.55,0.95,False
2025-10,Nordics,material_cost,YoY,2596409.44,2292467.25,303942.19,13.26,True
2025-10,Nordics,material_cost,vs_budget,2596409.44,2364077.65,232331.79,9.83,True
2025-10,Nordics,EBITDA,MoM,637802.39,599966.31,37836.08,6.31,False
2025-10,Nordics,EBITDA,YoY,637802.39,926722.35,-288919.96,-31.18,True
2025-10,Nordics,EBITDA,vs_budget,637802.39,998697.84,-360895.45,-36.14,True
2025-11,Baltics & Poland,net_revenue,MoM,3852325.8,3523535.4,328790.4,9.33,True
2025-11,Baltics & Poland,net_revenue,YoY,3852325.8,2814919.35,1037406.45,36.85,True
2025-11,Baltics & Poland,net_revenue,vs_budget,3852325.8,2963948.61,888377.19,29.97,True
2025-11,Baltics & Poland,gross_profit,MoM,1413558.95,1305284.42,108274.53,8.3,False
2025-11,Baltics & Poland,gross_profit,YoY,1413558.95,1170942.49,242616.46,20.72,True
2025-11,Baltics & Poland,gross_profit,vs_budget,1413558.95,1266735.45,146823.5,11.59,True
2025-11,Baltics & Poland,material_cost,MoM,1338028.49,1209591.43,128437.06,10.62,True
2025-11,Baltics & Poland,material_cost,YoY,1338028.49,907507.28,430521.21,47.44,True
2025-11,Baltics & Poland,material_cost,vs_budget,1338028.49,923970.12,414058.37,44.81,True
2025-11,Baltics & Poland,EBITDA,MoM,215141.64,218844.42,-3702.78,-1.69,False
2025-11,Baltics & Poland,EBITDA,YoY,215141.64,297887.14,-82745.5,-27.78,True
2025-11,Baltics & Poland,EBITDA,vs_budget,215141.64,357099.62,-141957.98,-39.75,True
2025-11,Central Europe,net_revenue,MoM,3682309.65,3537082.03,145227.62,4.11,False
2025-11,Central Europe,net_revenue,YoY,3682309.65,3545600.35,136709.3,3.86,False
2025-11,Central Europe,net_revenue,vs_budget,3682309.65,3773915.09,-91605.44,-2.43,False
2025-11,Central Europe,gross_profit,MoM,1668054.59,1605184.57,62870.02,3.92,False
2025-11,Central Europe,gross_profit,YoY,1668054.59,1563025.28,105029.31,6.72,True
2025-11,Central Europe,gross_profit,vs_budget,1668054.59,1740796.58,-72741.99,-4.18,True
2025-11,Central Europe,material_cost,MoM,1099502.96,1059863.11,39639.85,3.74,False
2025-11,Central Europe,material_cost,YoY,1099502.96,1088462.61,11040.35,1.01,False
2025-11,Central Europe,material_cost,vs_budget,1099502.96,1106838.23,-7335.27,-0.66,False
2025-11,Central Europe,EBITDA,MoM,505141.51,503100.76,2040.75,0.41,False
2025-11,Central Europe,EBITDA,YoY,505141.51,479819.27,25322.24,5.28,False
2025-11,Central Europe,EBITDA,vs_budget,505141.51,582582.04,-77440.53,-13.29,True
2025-11,Company,net_revenue,MoM,15579592.62,14737889.57,841703.05,5.71,True
2025-11,Company,net_revenue,YoY,15579592.62,14174621.66,1404970.96,9.91,True
2025-11,Company,net_revenue,vs_budget,15579592.62,14884964.64,694627.98,4.67,True
2025-11,Company,gross_profit,MoM,6234491.67,5927715.78,306775.89,5.18,False
2025-11,Company,gross_profit,YoY,6234491.67,6105949.13,128542.54,2.11,False
2025-11,Company,gross_profit,vs_budget,6234491.67,6586600.28,-352108.61,-5.35,True
2025-11,Company,material_cost,MoM,5156829.08,4865863.98,290965.1,5.98,False
2025-11,Company,material_cost,YoY,5156829.08,4435409.9,721419.18,16.26,True
2025-11,Company,material_cost,vs_budget,5156829.08,4517664.16,639164.92,14.15,True
2025-11,Company,EBITDA,MoM,1381998.64,1359747.57,22251.07,1.64,False
2025-11,Company,EBITDA,YoY,1381998.64,1705480.07,-323481.43,-18.97,True
2025-11,Company,EBITDA,vs_budget,1381998.64,2018404.63,-636405.99,-31.53,True
2025-11,Nordics,net_revenue,MoM,8044957.17,7677272.14,367685.03,4.79,True
2025-11,Nordics,net_revenue,YoY,8044957.17,7814101.96,230855.21,2.95,True
2025-11,Nordics,net_revenue,vs_budget,8044957.17,8147100.94,-102143.77,-1.25,False
2025-11,Nordics,gross_profit,MoM,3152878.13,3017246.79,135631.34,4.5,False
2025-11,Nordics,gross_profit,YoY,3152878.13,3371981.36,-219103.23,-6.5,True
2025-11,Nordics,gross_profit,vs_budget,3152878.13,3579068.25,-426190.12,-11.91,True
2025-11,Nordics,material_cost,MoM,2719297.63,2596409.44,122888.19,4.73,False
2025-11,Nordics,material_cost,YoY,2719297.63,2439440.01,279857.62,11.47,True
2025-11,Nordics,material_cost,vs_budget,2719297.63,2486855.81,232441.82,9.35,True
2025-11,Nordics,EBITDA,MoM,661715.49,637802.39,23913.1,3.75,False
2025-11,Nordics,EBITDA,YoY,661715.49,927773.66,-266058.17,-28.68,True
2025-11,Nordics,EBITDA,vs_budget,661715.49,1078722.97,-417007.48,-38.66,True
2025-12,Baltics & Poland,net_revenue,MoM,4356112.04,3852325.8,503786.24,13.08,True
2025-12,Baltics & Poland,net_revenue,YoY,4356112.04,3245494.01,1110618.03,34.22,True
2025-12,Baltics & Poland,net_revenue,vs_budget,4356112.04,3288111.2,1068000.84,32.48,True
2025-12,Baltics & Poland,gross_profit,MoM,1577081.32,1413558.95,163522.37,11.57,True
2025-12,Baltics & Poland,gross_profit,YoY,1577081.32,1364029.04,213052.28,15.62,True
2025-12,Baltics & Poland,gross_profit,vs_budget,1577081.32,1416190.84,160890.48,11.36,True
2025-12,Baltics & Poland,material_cost,MoM,1505158.72,1338028.49,167130.23,12.49,True
2025-12,Baltics & Poland,material_cost,YoY,1505158.72,1028358.18,476800.54,46.37,True
2025-12,Baltics & Poland,material_cost,vs_budget,1505158.72,1014143.78,491014.94,48.42,True
2025-12,Baltics & Poland,EBITDA,MoM,221203.54,215141.64,6061.9,2.82,False
2025-12,Baltics & Poland,EBITDA,YoY,221203.54,365667.2,-144463.66,-39.51,True
2025-12,Baltics & Poland,EBITDA,vs_budget,221203.54,407069.51,-185865.97,-45.66,True
2025-12,Central Europe,net_revenue,MoM,4051281.05,3682309.65,368971.4,10.02,True
2025-12,Central Europe,net_revenue,YoY,4051281.05,3892583.58,158697.47,4.08,True
2025-12,Central Europe,net_revenue,vs_budget,4051281.05,4189432.21,-138151.16,-3.3,True
2025-12,Central Europe,gross_profit,MoM,1862695.13,1668054.59,194640.54,11.67,True
2025-12,Central Europe,gross_profit,YoY,1862695.13,1717288.88,145406.25,8.47,True
2025-12,Central Europe,gross_profit,vs_budget,1862695.13,1947028.71,-84333.58,-4.33,True
2025-12,Central Europe,material_cost,MoM,1192173.13,1099502.96,92670.17,8.43,False
2025-12,Central Europe,material_cost,YoY,1192173.13,1191952.4,220.73,0.02,False
2025-12,Central Europe,material_cost,vs_budget,1192173.13,1214859.17,-22686.04,-1.87,False
2025-12,Central Europe,EBITDA,MoM,608992.74,505141.51,103851.23,20.56,True
2025-12,Central Europe,EBITDA,YoY,608992.74,515151.89,93840.85,18.22,True
2025-12,Central Europe,EBITDA,vs_budget,608992.74,661291.96,-52299.22,-7.91,False
2025-12,Company,net_revenue,MoM,17287265.41,15579592.62,1707672.79,10.96,True
2025-12,Company,net_revenue,YoY,17287265.41,15965841.04,1321424.37,8.28,True
2025-12,Company,net_revenue,vs_budget,17287265.41,16515666.16,771599.25,4.67,True
2025-12,Company,gross_profit,MoM,6976842.31,6234491.67,742350.64,11.91,True
2025-12,Company,gross_profit,YoY,6976842.31,6930856.19,45986.12,0.66,False
2025-12,Company,gross_profit,vs_budget,6976842.31,7363093.15,-386250.84,-5.25,True
2025-12,Company,material_cost,MoM,5643367.84,5156829.08,486538.76,9.43,False
2025-12,Company,material_cost,YoY,5643367.84,4935972.15,707395.69,14.33,True
2025-12,Company,material_cost,vs_budget,5643367.84,4958557.58,684810.26,13.81,True
2025-12,Company,EBITDA,MoM,1607764.26,1381998.64,225765.62,16.34,True
2025-12,Company,EBITDA,YoY,1607764.26,2043503.51,-435739.25,-21.32,True
2025-12,Company,EBITDA,vs_budget,1607764.26,2294435.2,-686670.94,-29.93,True
2025-12,Nordics,net_revenue,MoM,8879872.32,8044957.17,834915.15,10.38,True
2025-12,Nordics,net_revenue,YoY,8879872.32,8827763.45,52108.87,0.59,False
2025-12,Nordics,net_revenue,vs_budget,8879872.32,9038122.75,-158250.43,-1.75,True
2025-12,Nordics,gross_profit,MoM,3537065.86,3152878.13,384187.73,12.19,True
2025-12,Nordics,gross_profit,YoY,3537065.86,3849538.27,-312472.41,-8.12,True
2025-12,Nordics,gross_profit,vs_budget,3537065.86,3999873.6,-462807.74,-11.57,True
2025-12,Nordics,material_cost,MoM,2946035.99,2719297.63,226738.36,8.34,True
2025-12,Nordics,material_cost,YoY,2946035.99,2715661.57,230374.42,8.48,True
2025-12,Nordics,material_cost,vs_budget,2946035.99,2729554.63,216481.36,7.93,True
2025-12,Nordics,EBITDA,MoM,777567.98,661715.49,115852.49,17.51,True
2025-12,Nordics,EBITDA,YoY,777567.98,1162684.42,-385116.44,-33.12,True
2025-12,Nordics,EBITDA,vs_budget,777567.98,1226073.73,-448505.75,-36.58,True
