customer_id,name,type,city,repeat_customer,account_since_year,open_rentals,history_summary
CUST-001,Rakennus Piispanen Oy,business,Oulu,True,2019,1,"Regular renter, 22 rentals since 2021, no disputes."
CUST-002,Nostopalvelu Karjula Oy,business,Oulu,True,2018,2,"Frequent lift hire, 15 rentals since 2022, one late-return fee paid without dispute."
CUST-003,Kurujärven Maanrakennus Oy,business,Kempele,True,2022,1,"Large earthworks contractor, 30+ rentals since 2019, negotiated framework terms."
CUST-004,Kiinteistöhuolto Ahola Oy,business,Oulu,True,2016,1,"Property-maintenance firm, 9 rentals since 2023, mostly small tools."
CUST-005,Perämeren Telineet Oy,business,Raahe,True,2018,1,"Scaffolding subcontractor, 18 rentals since 2020, one damage-charge dispute resolved per policy."
CUST-006,Insinööritoimisto Vuolle Oy,business,Oulu,False,2024,0,"New account, first rental August 2026."
CUST-007,Oulun Putkiasennus Oy,business,Oulu,True,2022,2,"Plumbing contractor, 11 rentals since 2022, on-time returns throughout."
CUST-008,Rakennusliike Törmänen Oy,business,Kempele,True,2020,1,"Mid-size builder, 25 rentals since 2020, two cancellations within window, both handled cleanly."
CUST-009,Routakallion Infra Oy,business,Rovaniemi,True,2020,2,"Rovaniemi depot's largest account, 40+ rentals since 2018."
CUST-010,Meri-Lapin Maansiirto Oy,business,Rovaniemi,True,2020,2,"Earth-moving contractor, 14 rentals since 2021, insured fleet."
CUST-011,Teollisuuspalvelu Hautala Oy,business,Oulu,False,2024,0,"Occasional renter, 2 rentals since 2024."
CUST-012,Rakennus Ylitalo & Pojat Oy,business,Oulu,True,2016,2,"Family building firm, 12 rentals since 2021, one goodwill credit issued 2023 for a confirmed equipment fault."
CUST-013,Oulujoen Betonityö Oy,business,Oulu,True,2018,2,"Concrete contractor, 20 rentals since 2019, heavy plant hire."
CUST-014,Kalliorakennus Niskanen Oy,business,Kempele,True,2022,1,"Groundworks firm, 8 rentals since 2023."
CUST-015,Pohjois-Suomen Purkupalvelu Oy,business,Oulu,True,2021,2,"Demolition contractor, 16 rentals since 2020, safety-conscious account (own site inductions)."
CUST-016,Mikko Rantanen,consumer,Oulu,True,2020,2,"Repeat DIY renter, 6 rentals since 2022."
CUST-017,Sanna-Maria Kurtti,consumer,Oulu,False,2024,1,"First-time renter, August 2026."
CUST-018,Teemu Alatalo,consumer,Kempele,True,2016,3,"Seasonal renter (garden/site tools), 5 rentals since 2021."
CUST-019,Riikka Hyry,consumer,Oulu,False,2024,1,"New account, first rental September 2026."
CUST-020,Jari Peltoniemi,consumer,Oulu,True,2023,1,"Long-standing consumer account, 9 rentals since 2018."
CUST-021,Anniina Similä,consumer,Raahe,False,2024,0,"First rental, July 2026."
CUST-022,Ville Junttila,consumer,Oulu,True,2021,2,"Occasional renter, 4 rentals since 2023."
CUST-023,Laura Keränen,consumer,Rovaniemi,True,2016,2,"Rovaniemi depot consumer account, 3 rentals since 2024."
CUST-024,Esko Väyrynen,consumer,Oulu,True,2016,3,"Long-standing consumer account, 11 rentals since 2016, one earlier deposit dispute resolved in his favour (equipment fault confirmed)."
CUST-025,Minna Ojanperä,consumer,Kempele,False,2024,1,"New account, first rental September 2026."
