batch_id,thread_id,message_index,sender,email_id,subject_chars,body_chars,body_words
batch_01,THR-001,1,customer,EML-125,22,140,25
batch_01,THR-002,1,customer,EML-064,32,183,32
batch_01,THR-002,2,staff,,36,151,26
batch_01,THR-002,3,customer,EML-075,36,198,36
batch_01,THR-003,1,customer,EML-024,33,268,47
batch_01,THR-004,1,customer,EML-026,41,195,33
batch_01,THR-005,1,customer,EML-029,17,387,64
batch_01,THR-005,2,staff,,21,191,34
batch_01,THR-005,3,customer,EML-060,21,149,25
batch_01,THR-006,1,customer,EML-136,37,116,23
batch_01,THR-007,1,customer,EML-032,26,157,29
batch_01,THR-007,2,staff,,30,156,24
batch_01,THR-007,3,customer,EML-051,30,198,37
batch_02,THR-008,1,customer,EML-044,22,164,29
batch_02,THR-008,2,staff,,26,127,23
batch_02,THR-008,3,customer,EML-085,26,136,27
batch_02,THR-008,4,staff,,26,144,24
batch_02,THR-008,5,customer,EML-129,26,367,63
batch_02,THR-009,1,customer,EML-012,39,182,31
batch_02,THR-009,2,staff,,43,90,14
batch_02,THR-009,3,customer,EML-067,43,111,21
batch_02,THR-009,5,customer,EML-118,43,176,30
batch_02,THR-010,1,customer,EML-150,24,224,43
batch_02,THR-011,1,customer,EML-009,16,405,67
batch_02,THR-012,1,customer,EML-070,38,191,33
batch_02,THR-012,2,staff,,42,126,21
batch_02,THR-012,3,customer,EML-078,42,121,22
batch_03,THR-013,1,customer,EML-079,17,167,30
batch_03,THR-013,2,staff,,21,222,40
batch_03,THR-013,3,customer,EML-096,21,134,29
batch_03,THR-014,1,customer,EML-131,36,275,45
batch_03,THR-015,1,customer,EML-103,15,275,46
batch_03,THR-015,2,staff,,19,262,43
batch_03,THR-015,3,customer,EML-130,19,285,51
batch_03,THR-016,1,customer,EML-090,35,232,39
batch_03,THR-016,2,staff,,39,147,24
batch_03,THR-016,3,customer,EML-140,39,175,30
batch_03,THR-017,1,customer,EML-086,15,364,71
batch_03,THR-017,2,staff,,19,304,53
batch_03,THR-017,3,customer,EML-114,19,220,38
batch_03,THR-018,1,customer,EML-014,30,170,31
batch_04,THR-019,1,customer,EML-035,8,209,35
batch_04,THR-019,2,staff,,12,214,41
batch_04,THR-019,3,customer,EML-058,12,138,24
batch_04,THR-020,1,customer,EML-116,16,123,26
batch_04,THR-020,2,staff,,20,200,33
batch_04,THR-020,3,customer,EML-144,20,239,42
batch_04,THR-021,1,customer,EML-007,34,190,33
batch_04,THR-021,2,staff,,38,119,19
batch_04,THR-021,3,customer,EML-017,38,166,32
batch_04,THR-021,4,staff,,38,109,20
batch_04,THR-021,5,customer,EML-037,38,290,53
batch_04,THR-022,1,customer,EML-039,14,119,23
batch_04,THR-022,2,staff,,18,105,17
batch_04,THR-022,3,customer,EML-083,18,113,23
batch_05,THR-023,1,customer,EML-113,31,222,47
batch_05,THR-023,2,staff,,35,322,59
batch_05,THR-023,3,customer,EML-139,35,219,39
batch_05,THR-024,1,customer,EML-040,19,235,45
batch_05,THR-024,2,staff,,23,194,32
batch_05,THR-024,3,customer,EML-097,23,123,22
batch_05,THR-025,1,customer,EML-148,23,200,37
batch_05,THR-026,1,customer,EML-021,36,304,51
batch_05,THR-026,2,staff,,40,201,34
batch_05,THR-026,3,customer,EML-053,40,102,21
batch_05,THR-026,4,staff,,40,139,22
batch_05,THR-026,5,customer,EML-089,40,174,34
batch_05,THR-027,1,customer,EML-065,22,279,49
batch_06,THR-028,1,customer,EML-101,26,163,31
batch_06,THR-028,3,customer,EML-141,30,168,30
batch_06,THR-029,1,customer,EML-073,39,234,39
batch_06,THR-029,2,staff,,43,198,34
batch_06,THR-029,3,customer,EML-119,43,142,24
batch_06,THR-029,4,staff,,43,110,18
batch_06,THR-029,5,customer,EML-133,43,191,36
batch_06,THR-030,1,customer,EML-045,29,155,26
batch_06,THR-030,2,staff,,33,152,24
batch_06,THR-030,3,customer,EML-084,33,218,39
batch_06,THR-030,4,staff,,33,152,24
batch_06,THR-030,5,customer,EML-094,33,153,25
batch_06,THR-031,1,customer,EML-031,33,221,42
batch_06,THR-032,1,customer,EML-123,37,172,31
batch_07,THR-033,1,customer,EML-068,36,181,34
batch_07,THR-033,2,staff,,40,156,26
batch_07,THR-033,3,customer,EML-080,40,360,63
batch_07,THR-034,1,customer,EML-126,21,145,29
batch_07,THR-035,1,customer,EML-016,43,207,33
batch_07,THR-035,2,staff,,47,131,22
batch_07,THR-035,3,customer,EML-041,47,651,110
batch_07,THR-035,4,staff,,47,167,27
batch_07,THR-035,5,customer,EML-092,47,201,34
batch_07,THR-036,1,customer,EML-098,37,186,32
batch_07,THR-037,1,customer,EML-038,27,163,29
batch_07,THR-037,2,staff,,31,110,17
batch_07,THR-037,3,customer,EML-091,31,135,26
batch_07,THR-037,4,staff,,31,145,21
batch_07,THR-037,5,customer,EML-138,31,131,22
batch_08,THR-038,1,customer,EML-142,11,128,23
batch_08,THR-039,1,customer,EML-124,32,180,29
batch_08,THR-040,1,customer,EML-110,28,157,27
batch_08,THR-040,3,customer,EML-121,32,181,35
batch_08,THR-041,1,customer,EML-074,38,431,73
batch_08,THR-042,1,customer,EML-028,28,146,24
batch_08,THR-043,1,customer,EML-149,15,248,45
batch_08,THR-044,1,customer,EML-018,13,162,29
batch_08,THR-045,1,customer,EML-059,12,96,21
batch_08,THR-045,2,staff,,16,184,35
batch_08,THR-045,3,customer,EML-061,16,235,45
batch_09,THR-046,1,customer,EML-137,22,116,21
batch_09,THR-047,1,customer,EML-002,28,364,65
batch_09,THR-048,1,customer,EML-072,17,160,29
batch_09,THR-048,2,staff,,21,144,23
batch_09,THR-048,3,customer,EML-112,21,236,41
batch_09,THR-049,1,customer,EML-003,26,178,33
batch_09,THR-050,1,customer,EML-052,30,170,28
batch_09,THR-051,1,customer,EML-115,15,122,23
batch_09,THR-051,2,staff,,19,96,18
batch_09,THR-051,3,customer,EML-128,19,150,28
batch_09,THR-052,1,customer,EML-049,26,155,28
batch_09,THR-052,2,staff,,30,165,29
batch_09,THR-052,3,customer,EML-076,30,275,47
batch_10,THR-053,1,customer,EML-134,37,150,29
batch_10,THR-054,1,customer,EML-135,35,139,25
batch_10,THR-055,1,customer,EML-008,27,292,53
batch_10,THR-055,2,staff,,31,372,67
batch_10,THR-055,3,customer,EML-042,31,242,42
batch_10,THR-056,1,customer,EML-088,22,371,63
batch_10,THR-057,1,customer,EML-071,36,321,59
batch_10,THR-057,2,staff,,40,259,44
batch_10,THR-057,3,customer,EML-081,40,204,38
batch_10,THR-057,5,customer,EML-107,40,133,24
batch_10,THR-058,1,customer,EML-022,36,316,59
batch_10,THR-058,2,staff,,40,337,59
batch_10,THR-058,3,customer,EML-069,40,200,36
batch_11,THR-059,1,customer,EML-063,29,190,33
batch_11,THR-059,2,staff,,33,173,27
batch_11,THR-059,3,customer,EML-077,33,204,38
batch_11,THR-059,4,staff,,33,197,32
batch_11,THR-059,5,customer,EML-111,33,171,35
batch_11,THR-060,1,customer,EML-120,48,397,73
batch_11,THR-061,1,customer,EML-025,36,377,69
batch_11,THR-061,2,staff,,40,202,34
batch_11,THR-061,3,customer,EML-055,40,182,34
batch_11,THR-062,1,customer,EML-010,13,323,57
batch_11,THR-062,2,staff,,17,148,25
batch_11,THR-062,3,customer,EML-047,17,293,53
batch_11,THR-062,4,staff,,17,182,29
batch_11,THR-062,5,customer,EML-054,17,161,27
batch_12,THR-063,1,customer,EML-001,24,176,29
batch_12,THR-063,2,staff,,28,161,26
batch_12,THR-063,3,customer,EML-019,28,128,26
batch_12,THR-063,4,staff,,28,220,40
batch_12,THR-063,5,customer,EML-043,28,119,23
batch_12,THR-063,6,staff,,28,105,18
batch_12,THR-063,7,customer,EML-093,28,140,26
batch_12,THR-064,1,customer,EML-095,26,253,45
batch_12,THR-065,1,customer,EML-048,33,198,35
batch_12,THR-065,2,staff,,37,195,33
batch_12,THR-065,3,customer,EML-127,37,170,30
batch_12,THR-066,1,customer,EML-100,28,176,30
batch_12,THR-067,1,customer,EML-104,25,164,33
batch_12,THR-068,1,customer,EML-105,40,529,91
batch_13,THR-069,1,customer,EML-036,33,213,36
batch_13,THR-070,1,customer,EML-146,34,219,41
batch_13,THR-071,1,customer,EML-066,30,215,43
batch_13,THR-071,2,staff,,34,229,39
batch_13,THR-071,3,customer,EML-082,34,179,33
batch_13,THR-071,4,staff,,34,127,21
batch_13,THR-071,5,customer,EML-108,34,210,39
batch_13,THR-072,1,customer,EML-005,36,230,41
batch_13,THR-073,1,customer,EML-117,26,189,30
batch_13,THR-074,1,customer,EML-013,25,164,30
batch_13,THR-075,1,customer,EML-015,18,222,40
batch_14,THR-076,1,customer,EML-122,38,451,82
batch_14,THR-076,2,staff,,42,249,44
batch_14,THR-076,3,customer,EML-147,42,158,29
batch_14,THR-077,1,customer,EML-046,30,155,28
batch_14,THR-077,2,staff,,34,95,18
batch_14,THR-077,3,customer,EML-102,34,178,34
batch_14,THR-078,1,customer,EML-056,19,74,14
batch_14,THR-079,1,customer,EML-145,23,176,27
batch_14,THR-080,1,customer,EML-011,10,86,16
batch_14,THR-081,1,customer,EML-034,20,125,20
batch_15,THR-082,1,customer,EML-057,23,189,33
batch_15,THR-082,3,customer,EML-062,27,133,21
batch_15,THR-082,4,staff,,27,243,41
batch_15,THR-082,5,customer,EML-099,27,144,25
batch_15,THR-083,1,customer,EML-033,34,264,46
batch_15,THR-084,1,customer,EML-006,22,174,30
batch_15,THR-084,3,customer,EML-027,26,156,28
batch_15,THR-084,4,staff,,26,121,20
batch_15,THR-084,5,customer,EML-087,26,111,20
batch_15,THR-085,1,customer,EML-143,26,112,21
batch_16,THR-086,1,customer,EML-004,25,183,30
batch_16,THR-086,2,staff,,29,246,44
batch_16,THR-086,3,customer,EML-023,29,173,32
batch_16,THR-086,4,staff,,29,163,30
batch_16,THR-086,5,customer,EML-030,29,157,32
batch_16,THR-087,1,customer,EML-050,27,231,42
batch_16,THR-088,1,customer,EML-020,22,196,33
batch_16,THR-089,1,customer,EML-106,23,165,27
batch_16,THR-089,3,customer,EML-132,27,162,31
batch_16,THR-090,1,customer,EML-109,19,167,29
